Chinese,Pinyin,English
等等,děng děng,etc
细节,xì jié,details
视频,shì pín,video
俱乐部,jù lè bù,club
主席,zhǔ xí,president; chairperson
合同,hé tóng,contract
做爱,zuò aì,make love
上床,shàng chuáng,have sex
效率,xiào lǜ,effectiveness, efficiency
课题,kè tí,topic
共用,gòng yòng,share
冷冻食品,lěng dòng shí pǐn,frozen food
房租,fáng zū,rent
互动,hù dòng,interact
拒绝,jù jué,refuse
莫通车,mó tò chē,motorcycle
忽略,hū lüè,neglect
后果,hoù guǒ,consequence
测验,cè yàn,quiz
计算机语言,jì suàn jī yǔ yán,computer language
计算器,jì suàn qì,calculator
风格,fēng gé,style (art, music, writing, speech, everything)
古典,gú diǎn,classical
经典,jīng diǎn,classic (as in that one’s a classic)
现代,xiàn dài,modern
题材,tí cái,genre (specific topic like movies and books)
权利,quán lì,rights
权力,quán lì,authority, power
高汤,gāo tāng,broth
特质,tè zhì,specially made (food etc)
恢复,huī fù,recover
咨询,zī xún,consult
文艺,wén yì,artsy
编程,biān chéng,programming
统计,tǒng jì,statistics
教育,jiào yù,education
报课,bào kè,sign up for classes
交流,jiāo liú,communication, dialogue
沟通,gōu tōng,communication, understanding
传播,chuán bō,disseminate, broadcast
伊朗,yī lǎng,Iran
波斯,bō sī,Persian
背诵,bèi sòng,memorize
替补,tì bǔ,substitute
条理,tiáo lǐ,organized
调理,tiáo lǐ,rest and recover
画家,huà jiā,artist
动力,dòng lì,motivation
主动,zhǔ dòng,proactive; initiate
研究员,yán jiū yuán,researcher
职员,zhí yuán,staff
队员,duì yuán,team member
组员,zǔ yuán,team member
优先,yòu xiān,priority
误导,wù dǎo,mislead
富有,fù yǒu,be rich in
哲理,zhé lǐ,philosophical
哲学,zhé xué,philosophy
心理生物学,xīn lǐ shēng wù xué,psychobiology
侧重点,cè zhòng diǎn,concentration/focus
本科生,běn kē shēng,undergraduate student
研究生,yán jiū shēng,graduate student
博士学位,bó shì xué wèi,PhD degree
博士生,bó shì shēng,doctoral student
学士学位,xué shì xué wèi,bachelor’s degree
硕士生,shuò shì shēng,master’s degree student
硕士学位,shuò shì xué wèi,master’s degree
词组,cí zǔ,phrase
窃笑,qiè xiào,snickering
精神,jīng shén,energetic, alertness
创造精神,chuàng zào jīng shén,full of creativity
冒险精神,mào xiǎn jīng shén,adventurous spirit
木星,mù xīng,Jupiter
土星,tǔ xīng,Saturn
火星,huǒ xīng,Mars
金星,jīn xīng,Venus
水星,shuǐ xīng,Mercury
海王星,hǎi wáng xīng,Neptune
天王星,tiān wáng xīng,Uranus
冥王星,míng wáng xīng,Pluto
伊甸园,yī diàn yuán,garden of Eden
谦虚,qiān xū,modest (in attitude)
保守,bǎo shǒu,modest (in appearance); conservative
收入,shōu rù,income
实习生,shí xí shēng,intern
实习,shí xí,internship
穿墙,chuān qiáng,pass the firewall (slang)
公益机构,gōng yì jī gòu,nonprofit organization
志愿者,zhì yuàn zhě,volunteer (person)
义工,yì gōng,volunteer (person)
做义工,zuò yì gōng,do volunteer work
义务,yì wù,obligation
总统,zǒng tǒng,president
秘书,mì shū,secretary
选举,xuǎn jǔ,election (choose/recommend)
选,xuǎn,elect, choose
推荐,tuī jiàn,recommend
举个例子,lì zi,give an example
栗子,lì zi,chestnut
宿舍,sù shè,dorm
公寓,gōng yù,apartment
同犯,tóng fàn,accomplice
不屑一顾,bú xiè yí gù,didn’t give it a second glance (unimpressed)
向日葵,xiàng rì kuí,sunflower
晒,shaì,show off
灵魂,líng hún,soul
晕倒,yūn dǎo,to faint
让一让,ràng yí ràng,excuse me
口语,kǒu yǔ,colloquial
晚点,wǎn diǎn,delayed
在这种情况下,qíng kuàng,under these circumstances
素菜,sù cài,vegetarian dish
成语,chéng yǔ,aphorism
俗语,sú yǔ,idiom
交谈,jiāo tán,conversation
允许,yún xǔ,allow
批准,pī zhǔn,approve (more formal)
规矩,guī jǔ,rule
规则,guī zé,rule (game rule)
最佳,zuì jiā,best (formal/title)
导演,dǎo yǎn,director
农场主,nóng mín zhǔ,farm owner (like in America)
农民,nóng mín,small farmers (like in China)
农民工,nóng mín gōng,farmers who moved to the city to find work
户口,hù kǒu,“registered residence” allows your kids to go to a certain school etc. based on evidence of where you live
快递,kuài dì,express delivery (of packages)
快递公司,kuài dì gōng sī,like USPS (a type of relatively fast delivery company)
情况,qíng kuàng,situation
托盘,tuō pán,tray
塑料,sù liào,plastic
叉子,chā,fork
确定,què dìng,determine, certain
钢刀,gāng dāo,steel knife
紧,jǐn,tight
并,bìng,and, furthermore; actually
额头,é tóu,forehead
印记,yìn jì,imprint
窗台,chuāng tái,windowsill
继续,jì xù,continue
前进,qián jìn,go ahead
透过,tòu guò,pass through
任何,rèn hé,any
锁眼,suǒ yǎn,keyhole
守卫,shǒu wèi,guard
引起,yǐn qǐ,cause
纹身,wén shēn,tattoo
囚犯,qiú fàn,prisoner
甚至,shèn zhì,even (I don’t even know...)
必须,bì xū,must
配合,pèi hé,cooperate
威胁,wēi xié,threaten
讨论,tǎo lùn,discuss
警卫,jǐng wèi,guard
沿着,yán zhe,along
圈,quān,circle
反应,fǎn yìng,reaction
不管,bù guǎn,ignore, regardless
查看,chá,examine
实验,shí yàn,experiment
面具,miàn jù,mask
尽头,jìn tóu,end, limit
建议,jiàn yì,suggest
抓住,zhuā zhù,capture
可能性,kě néng xìng,probability
出现,chū xiàn,emerge, appear
通向,tōng xiàng,to lead to
实验室,shí yàn shì,lab
这样一来,zhè yàng yì lái,therefore, if (this) happens then
图标,tú biāo,icon (computer)
躺,tǎng,lying down
信息,xìn xī,message, news; information
手术,shǒu shù,surgery
假装,jiǎ zhuāng,pretend
柜子,guì zi,cabinet
文件,wén jiàn,document
行为,xíng wéi,behavior, activity, conduct
脱,tuō,take off (clothing)
招手,zhāo shǒu,wave
至少,zhǐ shǎo,at least
货车,huò chē,truck
躲,duǒ,hide
注视,zhù shì,watch attentively
示意,shì yì,signal, indicate (to someone)
摘下,zhāi,take off, remove, pick (as fruit)
肩膀,jiān bǎng,shoulder
挥手,huī shǒu,wave
准时,zhǔn shí,on time
事业,shì yè,cause, career, facility
季,jì,season (of a show)
信任,xìn rèn,trust
理论,lǐ lùn,theory (formal but usable)
观点,guān diǎn,opinion
看法,kàn fǎ,opinion, comment, stance
通俗,tōng sú,informal, popular
演唱会,yǎn chàng huì,vocal concert
音乐会,yīn yuè huì,orchestral concert
音乐剧,yīn yuè jù,musical play
歌剧,gē jù,opera
话剧,huà jù,stage play
主题,zhǔ tí,theme
辅导,fǔ dǎo,coach, tutor, counsel
口音,kǒu yīn,orally
大饱口福,dà bǎo kǒu fú,satisfied
埋怨,mán yuàn,complain, blame
杂,zá,varied
砸,zá,break, fail
变性,biàn xìng,transgender
业,yè,industry, business, profession
代,dài,generation
利弊,lì bì,pros and cons
资本主义,zī běn zhǔ yì,capitalism
共产主义,gòng chǎn zhǔ yì,communism
议会,yì huì,legislative assembly
主意,zhǔ yi,idea
主义,zhǔ yì,\ism
分解,fēn jiě,disintegrate,decompose
受潮,shòu cháo,damp
大豆,dà dòu,soybeans
评分,píng fēn,rating
提议,tí yì,propose
意见,yì jiàn,objection
周到,zhōu dào,1. considerate (as a host) 2. thorough
高粱,gāo liáng,sorghum
山火,shān huǒ,mountain wildfire
火灾,huǒ zāi,wildfire
旱灾,hàn zāi,drought
赈灾,zhèn zāi,disaster relief
蝗灾,huáng zāi,locust swarm
挡风玻璃,dǎng fēng bō lí,windshield
情绪,qíng xù,emotions, moody
低落,dī luò,depress
成份,chéng fèn,ingredients
愿意,yuàn yì,willing
私立,sī lì,private institution
公立,gōng lì,public institution
贷款,dài kuǎn,student loan
角色,jué sè,character, role
记性,jì xìng,ability to remember/memorize
记忆,jì yì,memories
预知,yù zhí,anticipate, foresee
惊喜,jīng xǐ,surprise
注册课程,zhù cè kè chéng,sign up for classes
注课,zhù kè,sign up for classes
报名,bào míng,sign up  
公益,gōng yì,public welfare (public affairs)
捐物,juān wù,donate things
即使,jí shǐ,even though
抵抗,dǐ kàng,resist
如何,rú hé,how
政府,zhèng fǔ,government
社团,shè tuán,club
无礼,wú lǐ,rude
辩论,biàn lùn,debate
争论,zhēng lùn,argue
吵架,chǎo jià,bicker
摇滚,yáo gǔn,rock and roll
从起,cóng qǐ,restart
清晰,qīng xī,clear (in resolution)
设备,shè bèi,equipment
及,jí,and
使,shǐ,make (it) do something
入,rù,in
将,jiāng,take (it) and do something with (it)
除,chú,get rid of
壳,ké,shell
裂,liè,crack
即可,jí kě,that’s all, can
若,ruò,if
释放,shì fàng,release
湿,shī,wet
涩,sè,astringent
旁听,páng tīng,audit
你觉得这个餐馆怎么样,nǐ jué de zhè gè cān guǎn zěn me yàng,what is your opinion of this restaurant
开车带她去,kāi chē dài tā qù,drive her there
经验,jīng yàn,experience
有限,yǒu xiàn,limited
几率,jī lǜ,probability
星云,xīng yún,nebula
大爆炸,dà bào zhà,big bang
效果,xiào guǒ,effect
结果,jié guǒ,result
期中考,qī zhōng kǎo,midterm
期末考,qī mò kǎo,finals
农场,nóng chǎng,farm
网络,wǎng luò,internet service
数据,shù jù,data
流量,liú liàng,roaming/data
打架,dǎ jià,fight
破涕为笑,pò tì wèi xiào,break into tears for laughter (lol)
坚果,jiān guǒ,nuts
蔓越莓,màn yuè méi,cranberry
隔离,gé lí,quarantine
疫苗,yì miáo,vaccine
这辈子,zhè bèi zǐ,this life
一生中,yì shēng zhōng,in this life
自恋,zì liàn,narcissism
遗憾,yí hàn,regret
评语,píng yǔ,review (like Yelp)
可以信赖,kě yǐ xìn lài,can be trusted
来往,lái wǎng,encounter, interaction
辞职,cí zhí,resign
行不通,xíng bù tōng,doesn't work
翻车,fān chē,fail
知识,zhī shì,knowledge
之一,zhī yī,one of
宇宙,yǔ zhòu,universe
截止,jié zhǐ,deadline
食指,shí zhǐ,index finger
激素,jī sù,hormone
运行,yùn xíng,move, run
免疫系统,miǎn yì xì tǒng,immune system
单身,dān shēn,single
正规,zhèng guī,respectable
环境保护,huán jìng bǎo hù,environmentalism
打搅,dǎ jiǎo,bother
中立,zhōng lì,neutral (in position)
画面,huà miàn,picture
血腥,xuě xīng,bloody
暴力,bào lì,violent
灵感,líng gǎn,inspiration
失望,shī wàng,disappointed
消失,xiāo shī,disappear
谈恋爱,tán liàn ài,in a relationship
约会,yuē huì,a (romantic) date
会计,kuài jì,accounting
论证,lùn zhěng,substantiate
学历,xué lì,diploma
属于,shǔ yú,count as
投诉,tóu sù,formally complain
勤快,qín kuài,diligent
机构,jī gòu,mechanism
额度,é dù,status quo, usual
额外,é wài,extra
非正常,fēi zhèng cháng,unusual
乳糖不耐,rǔ táng bú nài,lactose intolerant
支出,zhī chū,expense
支付,zhī fù,pay
花销,huā xiāo,expenditure
主专业,zhǔ zhuān yè,major
附专业,fù zhuān yè,minor
故事情节,gù shì qíng jié,story plot
人物,rén wù,characters
山羊胡须,shān yáng hú xū,mountain goat beard
表情,biǎo qíng,emoji
吃药三分毒,chī yào sān fēn dú,medicine is partly poison
大电灯泡,dà diàn dēng pào,third wheel
提示,tí shì,notifications
奶泡,nǎi pào,milk foam
语境,yǔ jìng,context
判断,pàn duàn,judge, determine
评判,píng yàn,judge
批评,pī píng,criticize
心理医生,xīn lǐ yī shēng,therapist
迷惘,mí wàng,lost (psychologically)
概念,gài niàn,concept
应用,yìng yòng,application (app and noun)
小测验,xiǎo cè yàn,quiz
基础,jī chǔ,basic skills; foundational
实现,shí xiàn,realize, make real
明知故犯,míng zhī gù fàn,to knowingly do wrong
论坛,lùn tán,forum
会议,huì yì,meeting
政策,zhèng cè,policy
可持续性,kě chí xù xìng,sustainability
持续,chí xù,sustainability
环境主义,huán jìng zhǔ yì,environmentalism
独体字,dú tǐ zì,single characters
话题,huà tí,topic
咄咄逼人,duō duō bī rén,pushy
理由,lǐ yóu,excuse, justification, argument
了解,liáo jiě,know
理解,lǐ jiě,understand deeply
时装,shí zhuāng,fashion
领导,líng dǎo,leader
遗传,yí chuán,genetic
散光,sǎn guāng,astigmatism
疗养,liáo yǎng,convalescence
干部,gàn bù,cohort
话筒,huà tǒng,microphone
麦克风,mài kè fēng,microphone
对外经济贸易大学,duì wài jīng jì mào yì dà xué,Beijing international economics and trade school (UIBE)
三头六臂,sān tóu liù bì,multitasking
互联网,hù lián wǎng,internet
名词,míng cí,noun
动词,dòng cí,verb
形容词,xíng róng cí,adjective
副词,fù cí,adverb
介词,jiè cí,preposition
相处,xiāng chǔ,get along
幸运,xìng yùn,fortune
运气,yùn qì,happenstance
吃到苦,chī dào kǔ,suffer
山海,shān hài,a famous collection of myths
提莫,tí mò,topic
优势,yōu shì,advantage
参考,cān kǎo,source
萍水相逢,píng shuǐ xiāng féng,by chance, we meet briefly, as two water plants drifting in a current may briefly intertwine
各奔东西,gè bēn dōng xī,each go our own separate ways
铁树开花,tiě shù kāi huā,rare occurrence
叶落归根,yè luò guī gēn,as we grow old, we wish to return to our origins, as the leaf returns to the root from whence it came
社区,shè qū,community
新冠,xīn guàn,virus
冠军,guàn jūn,champion
长期,cháng qī,long-term
可造之材,kě zào zhī cái,has potential
无性别,wú xìng bié,gender
大众,dà zhòng,public
承认,chéng rèn,recognize, admit
公共服务,gōng gòng fú wù,public service
公务员,gōng wù rén,public servant
烘焙店,hōng bèi diàn,bakery
分享,fēn xiǎng,share
无穷,wú qióng,infinite
约会平台,yuē huì píng tái,dating platform
员工,yuán gōng,employee
模糊,mó hù,blurry
相通,xiāng tóng,similar
培训,péi xùn,training
焦虑,jiāo lǜ,anxiety
教育政策研究,jiào yù zhèng cè yán jiū,education policy research
尝试,cháng shì,try
说三道四,shuō sān dào sì,say nonsense
指手画脚,zhǐ shǒu huà jiǎo,finger pointing
思路是对的,sī lù shì duì de,train of thought is correct
闺蜜,guī mì,best friends (usually girls)
书评,shū píng,book review
观众,guān zhòng,audience
小组作业,xiǎo zǔ zuò yè,group work
建筑,jiàn zhú,architecture
谈谈,tán tán,discuss
阴性,yīn xìng,negative (assay result)
阳性,yáng xìng,positive (assay result)
毒品,dú pǐn,drugs
爱屋及乌,ài wū jí wū,your love for someone extends even to the crows on their roof
心意到了就好,xīn yì dào le jiù hǎo,it's the thought that counts
负数,fù shù,negative number
正数,zhèng shù,positive number
整数,zhěng shù,whole number
正能量,zhèng néng liàng,positive energy
重色轻友,zhòng sè qīng yǒu,when you get an SO you neglect your friends
文学作品,wén xué zuò pǐn,literature
取笑,qǔ xiào,make fun of
独一无二,dú yī wú èr,unique
独特,dú tè,unique
对号入座,duì hào rù zuò,seat according to your number (take something personally)
对话,duì huà,dialogue
共鸣,gòng míng,sympathize/resonate
寄养家庭,jì yǎng jiā tíng,foster family
寄宿学校,jì yǎng xué xiào,boarding school
液体,yè tǐ,liquid
固体,gù tǐ,solid
气体,qì tǐ,gas
标题,biāo tí,heading
内容,nèi róng,content
职位,zhǐ wèi,position (as in a job)
款式,kuǎn shì,style (as in fashion, type)
歧视,qí shì,prejudice
种族歧视,zhǒng zú qí shì,racist
移民,yí mín,immigrate
边界,biān jiè,boundary
人生如梦,rén shēng rú mèng,life is but a dream (my first words) (time flies, nothing is real) 
二手,èr shǒu,secondhand
城堡,chéng bǎo,castle
难民,nán mín,refugee
帐篷,zhàng péng,tent
统一,tǒng yī,unified
汇,huì,converge (as rivulets into a river)
精力,jīng lì,energy
对方,duì fāng,the other
强扭的瓜不甜,qiáng niǔ de guā bù tián,if it takes too much effort the result isn't worth it
列表,liè biǎo,list
频道,pín dào,(television) channel
私信,sī xìn,DM
抱团,bào tuán,meet up
提及,tí jí,mention, @
添加,tiān jiā,add
连接,lián jiē,connect
团队,tuán duì,team
成员,chéng yuán,member
保存,bǎo cún,save, preserve
档案,dǎng àn,file
离线,lí xiàn,offline
未读,wèi dú,unread
用户组,yòng hù zǔ,user group
自定义,zì dìng yì,customize
本,běn,this
首选项,shǒu xuǎn xiàng,preferences
通知,tōng zhī,notifications
侧栏,cè lán,sidebar
媒体,méi tǐ,media
地区,dì qū,area
辅助功能,fǔ zhù gōng néng,accessibility
标记,biǎo jì,mark
音频,yín pín,audio
帐户,zhàng hù,account
隐私,yǐn sī,privacy
可见性,kě jiàn xìng,visibility
显示,xiǎn shì,visible, demonstrate
草稿,cǎo gǎo,draft
预定,yù dìng,reserve
程序,chéng xù,program
排序,pái xù,sort
按字母顺序,àn zì mù xùn xù,order alphabetically
进行,jìn xíng,conduct, execute
单独,dān dú,individual
私人频道,sī rén pín dào,private channel
分区,fēn qū,section
外部,wài bù,external
组成,zǔ chéng,form, compose
仅,jǐn,only
加星标,jiā xīng biāo,starred
关闭,guān bì,close
关键,guān jiàn,essential
移动设备,yí dòng shè bèi,mobile device
设置,shè zhì,settings
特殊,tè shū,special
邀请,yāo qǐng,invite
分隔,fēn gé,separate
逗号,dòu hào,comma
区分,qū fēn,distinguish
暂停,zàn tíng,pause
默认,mò rèn,default
录制,lù zhì,record
隐藏,yǐn cáng,hide, conceal
免费版,miǎn fèi bǎn,free version/edition
访问,fǎng wèn,access (a file)
在线,zài xiàn,online
复制,fù zhì,copy
链接,lián jiē,hyperlink
预览,yù lǎn,preview
愿消息,yuán xiāo xǐ,original message
以,yǐ,to [verb]; use
点按,diǎn àn,tap
跳转,tiào zhuǎn,jump/skip (to a section)
动态,dòng tài,dynamic, movement, news
条件,tiáo jiàn,condition, prerequisite
搜索,sōu suǒ,search
办事项,bàn shì xiàng,to-dos
状态,zhuàng tài,status
输入,shū rù,enter, input
升级,shēng jí,upgrade
歌单,gē dān,playlist
播放,bò fàng,played/broadcast 
收藏,shōu cáng,add/collect
转至,zhuǎn zhì,go to
艺人,yì rén,artist
包含,bāo hán,include
专辑,zhuān jí,album
删除,shān chú,remove
个人资料,gè rén zī liào,personal profile
编辑,biān jí,edit
详情,xiáng qíng,details
重命名,zhòng mìng míng,rename
文件夹,wén jiàn jiā,(document) folder
创建,chuàng jiàn,create
设为,shè wèi,set as
共同创建者,gōng tóng chuàng jiàn zhě,co-creators
嵌入,qiàn rù,embed
屏蔽,píng bì,shield, screen
举报,jǔ bào,report (to authorities)
公开,gōng kāi,public
喜好,xǐ hào,like
热门,rè mén,popular
感伤,gǎn shāng,sentimental
弛放,chí fàng,relaxing
浪漫,làng màn,romantic
相似,xiāng sì,similar
动向,dòng xiàng,trend
专属,zhuān shǔ,exclusive
重复,chóng fù,repeat, repetitive
厌,yàn,disgusted
制作,zhì zuò,make
时光胶囊,shí guāng jiāo náng,time capsule
通勤,tōng qín,daily commute
回味过往,huí wèi guò wǎng,reminisce
聆听,líng tīng,listen
听众,tīng zhòng,audience
目录,mù lù,catalog, table of contents
唱片,chàng piàn,record, CD
精选辑,jīng xuǎn jí,best of collection
发布,fā bù,release
单曲,dān qǔ,single (record)
巡回,xún huí,tour
此,cǐ,this
刷新,shuā xīn,refresh
亲戚,qīn qī,relative
优秀,yōu xiù,excellent
温柔,wēn róu,gentle
和尚,hé shàng,monk
品格,pǐn gé,character
赞美,zàn měi,eulogize
积极,jī jí,energetic, alertness
祝贺,zhù hè,congratulate
热闹,rè nào,rambunctious
代表,dài biǎo,represent
陶瓷,táo cí,ceramics
爱护,ài hu,cherish
枝节,zhī jié,branches
曾经,céng jīng,once
困难,kùn nán,difficult
和气,hé qì,kind
几乎,jī hū,nearly
洁净,jié jìng,clean
待客,dài kè,hospitality
皇帝,huáng dì,emperor
锻炼,duàn liàn,exercise
悲哀,bēi āi,sorrow
属相,shǔ xiang,zodiac sign
农历,nóng lì,lunar calendar
挤满,jǐ mǎn,crowded
舅舅,jiù jiù,uncle
脾气,pí qì,temperament
鼓励,gǔ lì,encourage
故乡,gù xiāng,hometown
丰富,fēng fù,plentiful
愁,chóu,sorrow
修,xiū,fix
深情,shēn qíng,deep feeling
典范,diǎn fàn,model, paradigm
罐,guàn,can, jar
樱桃,yīng táo,cherry
著名,zhù míng,notable
结实,jiē shí,stable
管理,guǎn lǐ,management
礼仪,lǐ yí,etiquette
团聚,tuán jù,reunion
心思,xīn sī,thought
沾湿,zhān shī,get wet
踩,cǎi,step on
细心,xī xīn,careful
消化,xiāo huà,digest
路途遥远,lù tú yáo yuǎn,long road
鬼,guǐ,monster
武术,wǔ shù,martial arts
穷苦,qióng kǔ,extremely poor
墓地,mù dì,cemetery
态度,tài dù,attitude
耐心,nài xīn,patient
尊敬,zūn jìng,respectable
强壮,qiáng zhuàng,strong
谈得来,tán de lái,able to converse
坟,fén,grave
洞,dòng,hole
流派,liú pài,genre
质量,zhì liàng,quality 
民族,mín zú,ethnicity
歌颂,gē sòng,praise in song
收拾,shōu shí,clean up
市场,shì chǎng,market
佛教,fó jiào,Buddhism
思考,sī kǎo,ponder
流泪,liú lèi,weep
剥,bō ,peel
长辈,zhǎng bèi,elder
抚摸,fǔ mō,stroke
生肖,shēng xiào,zodiac
劝,quàn,plead, advise
笨重,bèn zhòng,bulky
摔碎,shuāi suì,shatter
保留,bǎo liú,preserve
民间,mín jiān,folk
仪式,yí shì,ceremony
念经,niàn jīng,recite scripture
报仇,bào chóu,revenge
打仗,dǎ zhàng,go to war
仔细,zǐ xì,focused
剪,jiǎn,cut
隔壁,gé bì,next to
举行,jǔ xíng,to hold an event
盆,pén,basin
信仰,xìn yǎng,belief, conviction
以及,yǐ jí,and
指定,zhǐ dìng,assign
种类,zhǒng lèi,types
名声,míng shēng,reputation
起源于,qǐ yuán yú,begin at
装饰品,zhuāng shì pǐn,decorations
体现,tǐ xiàn,reflect, embody
实用,shí yòng,practical
英雄,yīng xióng,hero
疼爱,téng ài,strong love, as of parent to child, etc.
可惜,kě xī,pity
期间,qī jiān,period of time
末,mò,end
商业,shāng yè,business
自从,zì cóng,from a point forward
每当,měi dāng,every time
偶然,ǒu rán,accidentally
渐渐,jiàn jiàn,gradually
制,zhì ,manufacture
造,zào,build something large
盖,gài,build a house
四周,sì zhōu,all around
悠久,yōu jiǔ,long-standing
邻近,lín jìn,adjacent
昂贵,āng guì,luxurious, expensive
珍贵,zhēn guì,precious
贵重,guì zhòng,important
尊贵,zūn guì,noble
称为,chēng wèi,be called
许愿,xǔ yuàn,make a wish
尤其,yóu qí,especially
少数,shǎo shù,few
用具,yòng jù,tools
大致,dà zhì,roughly
实际上,shí jì shàng,in reality
舍得,shě dé,willing
大多数,dà duō shù,majority
白费,bái fèi,waste
后悔,hòu huǐ,regret
直到,zhí dào,until
拜年,bǎi nián,pay a New Year's call
根据,gēn jù,go along with
升职,shēng zhí,get promoted
操作,cāo zuò,action, operation
当前,dāng qián,currently
采取,cǎi qǔ,take
维护,wéi hù,maintain, safeguard 
发自,fā zì,from
本人,běn rén,self
条款,tiáo kuǎn,terms, clause
获取,huò qǔ,obtain
规范,guī fàn,regulations
道德,dào dé,ethics
弱,ruò,weak
创造,chuàng zào,produce
高贵,gāo guì,noble
僧,sēng rén,monk
坚强,jiān qiáng,mentally strong
乐器,yuè qì,instruments
葬礼,zàng lǐ,funeral
模仿,mó fǎng,copy; mock
孝敬,xiào jìng,filial piety
相依为命,xiāng yī wéi mìng,depend on each other for survival
来历,lái lì,origin
心情,xīn qíng,mood
专心,zhuān xīn,focused
纯洁,chún jié,pure, honest 
骄傲,jiāo ào,prideful
熟悉,shú xī,familiar with
据说,jù shuō,according to/they say
实在,shí zài,in reality
包括,bāo kuò,including
称呼,chéng hū,address (a person)
清空,qīng kōng,clear, empty
模型,mó xíng,model
绘图,huì tú,drawing
假设,jiǎ shè,hypothesis
融合,róng hé,merge
数据表,shù jù biǎo,data table
表格,biǎo gé,tables
字词表,zì cí biǎo,vocab list
公式,gōng shì,equation
意识形态,yì shí xíng tài,ideology
气势,qì shì,imposing
典型,diǎn xíng,typical
悲悼,bēi dào,mourn
隧道,suì dào,tunnel
怀念,huái niàn,reminisce, miss
颂扬,sòng yáng,celebration
神圣,shén shèng,sacred
珍存,zhēn cún,treasure
回忆,huí yì,memory
场所,cháng suǒ,place
祈祷,qí dǎo,prayer
亦,yì,also
思念,sī niàn,miss (as for a loss)
逝去,shì qù,leave, pass away
旅程中,lǚ chéng zhōng,through the journey
破茧成蝶,pò jiǎn chéng dié,metamorphose into a butterfly
美眉,měi méi,beautiful girl
高富帅,gāo fù shuài,tall rich and handsome
加你好友,jiā nǐ hǎo yǒu,add you as a friend on social media
意外,yì wài,(medical/traumatic) accident; unexpected
友情,yǒu qíng,friendship
得不偿失,dé bù cháng shī,lost more than you gained 
补偿,bǔ cháng,compensate
费劲,fèi jìn,strain, labor
瓶颈,píng jǐng,bottleneck
上瘾,shàng yǐn,addictive
灵气,líng qì,aura
键盘,ziàn pán,(computer) keyboard
抽象,chōu xiàng,abstract
唐尧病,táng yào bìng,diabetes
柿饼,shì bǐng,dried persimmon
读谱,dú pǔ,read music
重叠,chóng diè,overlap
八度,bā dù,octave
届,jiè,session
抱歉,bào qiàn,apologetic
道歉,dào qiàn,apologize
原因,yuán yīn,reason
借口,jiè kǒu,excuse
柔术,róu shù,BJJ
缠,chán,grapple
吃你豆腐,chī nǐ dòu fǔ,take advantage of you
人工智能,rén gōng zhì néng,artificial intelligence 
机器学习,jī qì xué xí,machine learning
虚构,xū gòu,fake
女强人,nǚ qiáng rén,strong woman
独立女性,dú lì nǚ xìng,independent woman
创业,chuǎng yè,be an entrepreneur
红,hóng,communist
脆弱,cuì ruò,sensitive
固执,gù zhì,stubborn
高领,gāo lǐng,high necked (clothing)
电商,diàn shāng,e-commerce 
流浪汉,liú làng hàn,homeless person
人口贩卖,rén kǒu fàn mài,
悲观,bèi guān,pessimistic 
乐观,lè guān,optimistic 
婊,biǎo,bitch
绿茶婊,lǜ chá biǎo,green tea bitch (pretending to be innocent but actually mean)
厌女,yàn nǚ,misogynistic
反馈,fǎn kuì,feedback
剧透,jù tòu,spoil (the plot)
西藏,xī zàng,Tibet
首长,shǒu zhǎng,(military) leader
首领,shǒu zhǎng,tribal leader
副作用,fù zuò yòng,side effect
攻占,gōng zhàn,invade
投票权,tóu piào quán,voting rights
州张,zhōu zhǎng,governor
接过,jiè guò,excuse me (to pass by someone)
空姐,kōng jiě,flight attendant
金钱观,jīn qián guān,attitudes towards money
价值观,jià zhí guān,life values
世界观,shì jiè guān,attitudes towards society and the world
人生观,rén shēng guān,life philosophy
三观,sān guān,three philosophies
行业,háng yè,(an) industry
卷,juǎn,try-hard, flex 
躺平,tǎng píng,relaxing
写意,xiě yì,abstract
如此,rú cǐ,in this way
的确,dí què,indeed
专业,zhuān yè,professional
症状,zhèng zhuàng,symptom
重点,zhòng diǎn,main point
康复,kāng fù,recover
重症,zhòng zhèng,severe illness
抵抗力,dǐ kàng lì,resistance, immunity 
男凝,nán níng,male gaze
后代,hòu dài,descendants
高危,gāo wēi,high risk
霸凌,bà líng,bully
鼓点,gǔ diǎn,drumbeat
节奏,jié zòu,rhythm
尊严,zūn yán,dignity
偏头疼,piān tóu téng,migraine
嘲笑,cháo xiào,ridicule, mock
慰安妇,wēi ān fǔ,comfort women
贤妻,xián qī,filial wife
拷贝,kǎo bèi,copy
粘贴,zhān tiē,paste
剪切,jiǎn qiē,cut (a text selection)
封建,fēng jiàn,feudal
缠足,chán zú,bound feet
局势,jú shì,situation
地域,dì yù,area
村庄,cūn zhuāng,village
整容,zhěng róng,plastic surgery
感染,gǎn rǎn,catch (a sickness)
渐强,jiàn qiáng,crescendo
口罩,kǒu zhào,mask
盒子,hé zi,box
血样,xuè yǎng,blood oxygen (level)
布洛芬,bù luò fēn,ibuprofen
美式,měi shì,Americano
夜市,yè shì,night market
城管,chéng guǎn,city law enforcement
业界,yè jiè,industry
韩国泡菜,hán guó pào cài,kimchi
恐怖,kǒng bù,horrifying
解释,jiě shì,explain
瓦斯,wǎ sī,(household) gas 
无人机,wú rén jī,drone
直升机,zhí shēng jī,helicopter
型号,xíng hào,(product) model 
翻修,fān xiū,renovate
部门,bù mén,department
脊柱,jǐ zhù,spine
因此,yǐn cǐ,therefore
漫画,màn huà,comic
迟钝,chí dùn,slow (to react)
会诊,huì zhěn,consultation
乳腺,rǔ xiàn,breast
慢性病,màn xìng bìng,chronic illness
肿瘤,zhǒng liú,tumor
贫血,pín xuè,anemia
称疼,chēng téng,pain tolerance
误判,wù pàn,misjudgment
验血,yàn xuě,blood test
肢体,zhī tǐ,limbs
现实,xiàn shí,real life, reality 
去世,qù shì,pass away
具体,jù tǐ,specifically
滤镜,lǜ jìng,filter, bias 
穷家富路,qióng jiā fù lù,scrimp at home, spend abroad
孤单,gū dān,alone, lonely 
讨厌,tǎo yàn,hate
想法,xiǎng fǎ,thought
丫头,yā tou,girl
痴心,chī xīn,infatuation
少爷,shào yé,master, sir
开溜,kāi liū,run away
拖拉,tuō lā,drag, dawdle
蠢货,chǔn huò,idiot
瞬间,shùn jiān,instant
控制,kòng zhì,control
唬人,hǔ rén,bluff
总之,zǒng zhī,in short
或许,huò xǔ,maybe
一线生机,yí xiàn shēng jī,lifeline
虚伪,xū wèi,hypocritical
哄哄,hōng hōng,comfort, coax
难怪,nán guài,no wonder
荒谬,huāng miù,absurd
小看,xiǎo kàn,underestimate
寻来,xún lái,obtain
皇子妃,huáng zǐ fēi,princess
抛弃,pāo qì,abandon
砍,kǎn,hack
弱点,ruò diǎn,weakness
可恶,kě wù,hateful (dammit)
坠,zhuì,fall
塌,tā,collapse
殿下,diàn xià,your highness
猛烈,měng liè,violent
攻击,gōng jí,attack, rebut
留恋,liú liàn,nostalgia
教训,jiào xùn,lecture
臭,chòu,smelly (damn)
敢,gǎn,dare to
莫非,mò fēi,could it be
预感,yù gǎn,premonition
无憾,wú hàn,no regrets
活宝,huó bǎo,clown
操纵,cāo zòng,manipulate
无能为力,wú néng wéi lì,powerless
阻止,zǔ zhǐ,prevent
绝技,jué jì,trick, technique
激烈,jī liè,fierce
驱逐,qū zhú,banish
野兽,yě shòu,wild beast
威力,wēi lì,power
纯质,chún zhì,pure
似乎,sì hū,seems
不祥,bù xiáng,inauspicious
冒失,mào shī,reckless
既; 又,jì,not only, but also
期待,qí daì,expect, look forward to
撑住,chēng zhù,support (a load)
娱乐,yú lè,entertainment
估计,gū jì,estimate
转世, zhuǎn shì,reincarnate
千锤百炼, qiān chuí bǎi liàn,tried and tested
碍眼, aì yǎn,eyesore
诶哟, éi yō,ouch, yikes, ugh
插, chā,insert
补充, bǔ chōng,supplement
谜团, mí tuán,mystery
欣赏, xīn shǎng,appreciate
求婚, qiú hūn,propose
胡说, hú shuō,nonsense
成事, chéng shì,succeed
朕, zhèn,I
苦思, kǔ sī,thought hard
计谋, jì móu,plot, plan
智商, zhì shāng,IQ
长老们, zhǎng lǎo mén,elders
眼神, yǎn shén,expression in one’s eyes
极度, jí dù,extreme
侮辱, wú rǔ,insult
敌人, dí rén,enemy
提亲, tí qīn,propose
实力, shí lì,strength
幽默, yōu mò,humorous
接受, jiē shòu,accept
休, xiū,stop
继承, jì chéng,inherit
一旦, yí dàn,once (something happens)
晶, jīng,crystal
介意, jiè yì,mind, care
结局, jié jú,ending
仿佛,fǎng fǔ,as if
初看,chū kàn,at first glance
符号,fú hào,symbol
绘本,huì běn,picture book
专访,zhuān fǎng,interview
罗德岛设计学院,luó dé dǎo shè jì xué yuàn,RISD
才华横溢,cái huá héng yì,talented
深入,shēn rù,in depth
开启,kāi qǐ,turn on
意识,yì shí,awareness
故事版,gù shǐ bǎn,storyboard
流程,liú chéng,process (of doing something)
最终,zuì zhōng,finally
推销,tuī xiāo,(to) market
滚雪球,gǔn xuě qiú,snowball
插画,chā huà,illustration
场景,chǎng jǐng,scene
奇妙,qí miào,wonderful
相遇,xiāng yù,(to) meet
讲述,jiǎng shù,(to) tell
描述,miáo shù,(to) describe
尾声,wěi shēng,end
传递,chuán dì,transfer, reach, transmit
停留,tíng liú,remain
之处,zhī chù,place
表达,biǎo dá,express
细微,xì wēi,subtle
何尝,hé cháng,why, what do you mean…(rhetorical)
本质,běn zhí,nature (of)
尸体,shī tǐ,corpse
莫测,mò cè,unpredictable
神秘,shén mì,mysterious
不可描述,bù kě miào shù,indescribable 
降生,jiàng shēng,birth
舞蹈,wǔ dǎo,dance
荷尔蒙,hè ěr méng,hormone
雌性,cí xìng,female (scientific)
时刻相伴,shí kè xiāng bān,accompanying at all times 
命运,mìng yùn,destiny
反抗,fǎn kàng,resist
宽容,kuān róng,tolerant
慈悲,cí bēi,mercy
欺凌,qī líng,bullying
欺压,qī yā,oppress
伤痕累累,shāng hén lěi lěi,scarred
好在,hǎo zài,fortunately
风采依旧,fēng cǎi yī jiù,this person hasn’t changed
考虑,kǎo lǜ,consider
意愿,yì yuàn,(free) will
辜负,gū fù,live up to (a standard)
期望,qī wàng,expectations
都什么命,dōu shěn me mìng,what the hell
撤,chè,withdraw
胜利,shèng lì,victory
玩意儿,wán yì er,stuff
无所谓,wú suǒ wèi,doesn’t matter
绽,zhàn,bloom
辛勤,xīn qín,hardworking
主角,zhǔ jiǎo,main character
金字塔,jīn zì tǎ,pyramid
顶端,dǐng duān,top
对不住,duì bú zhù,sorry
处分感,chǔ fèn gǎn,punishment
碰瓷,pèng cí,porcelain
骚扰,sāo rǎo,harass
动机,dòng jī,motivation (for a decision)
无视,wú shì,ignore
毁掉,huǐ diào,destroy
绝交,jué jiāo,break off relations
帅呆了,shuài dāi le,awesome
抢劫,qiǎng jié,robbery
拆东墙 补西壁,chāi dōng qiáng bǔ xī bì,to rob Peter to pay Paul






发卡,fà qiǎ,hairclip
友谊,yǒu yì,friendship
支持,zhī chí,support
无条件,wú tiáo jiàn,unconditional
发自内心,fā zì nèi xīn,from the heart
自禁,zì jīn,self restraint
囤积,tún jī,hoard
不惜,bù xī,unhesitant
生存,shēng cún,survival
法则,fǎ zé,law
能耐,néng nài,capability
肃静,sù jìng,be quiet
尽量,jìn liàng,as much as possible 
悟,wù,realize
破案,pò àn,solve the case
打赌,dǎ dǔ,bet
优等生,yōu děng shēng,honors student
及格,jí gé,pass (a test)
并且,bìng qiě,moreover
音符,yīn fú,note
降调,jiàng diào,flat note
升调,shēng diào,sharp note
大调,dà diào,major key 
小调,xiǎo diào,minor key
隐形眼镜,yǐn xíng yǎn jìng,contacts
原则,yuán zé,principle (of conduct)
皮肤,pí fū,skin
绣花枕头一包草,xiù huā zhěn tóu yì bāo cǎo,beauty without brains
趁热打铁,chèn rè dǎ tiě,strike while the iron is hot 
负面评价,fù miàn píng jià,negative comment
背后说人,bèi hòu shuō rén,talk behind their back
索取,suǒ qǔ,extort
渴望,kě wàng,desire to
缺乏,quē fá,lack
三人成虎,sān rén chéng hǔ,people will believe something if it’s repeated often enough
卷子,juàn zi,exam paper
挑战,tiǎo zhàn,challenge
代价,dài jià,cost
忍不住,rěn bú zhù,can’t help but 
仗着,zhàng zhe,rely on
鼓舞士气,gǔ wǔ shì qì,boost morale 
战胜,zhàn shèng,prevail
输家,shū jiā,losing side 
优惠,yōu huì,discount
有声书,yǒu shēng shū,audiobook
借阅,jiè yuè,borrow
示例,shì lì,sample
标签,biāo qiān,label, tag
随机,suí jī,random
可供,kě gōng,available
获得,huò dé,obtain, receive
参加调查,cān jiā diào chá,take a survey 
智能,zhī néng,smart (technology)
归还,guī huán,return
失效,shī xiào,failed, invalid, annul
远程工作,yuǎn chéng gōng zuò,remote work
例如,lì rú,for example
寂寞,jì mò,lonely
称赞,chēng zàn,praise
体会,tǐ huì,experiental knowledge
平凡,píng fán,ordinary
古董,gǔ dǒng,antique
不接地气,bù jiē dì qì,not down to earth
股东,gǔ dōng,shareholder
符合,fǔ hé,conform to 
请示,qǐng shì,ask for instructions 
整体,zhěng tǐ,overall
贡献,gòng xiàn,contribution
措辞,cuò cí,wording
激动,jī dòng,excited
峰值,fēng zhí,peak
经历,jīng lì,experience
青春期,qīng chūn qī,puberty
雄性,xióng xìng,male
年生,nián shēng,annual
率,lǜ,rate
把握,bǎ wò,assurance, certainty 
草率,cǎo shuài,sloppy
绳,shéng,rope
素以,sù yǐ,known for
智慧,zhì huì,wisdom
勤劳,qín láo,diligence
稀缺,xī quē,scarce
颜值,yán zhí,appearance
人气,rén qì,popularity
食肉,shí ròu,carnivorous
食草,shí cǎo,herbivorous
青少年,qīng shào nián,teenager
真菌,zhēn jùn,fungus
身份,shēn fèn,identity
暴露,bào lù,expose
青涩,qīng sè,sentimental, immature
谱写,pǔ xiě,compose
报道,bào dào,check in
善良,shàn liáng,kind
羡慕,xiàn mù,envy
宾至如归,bīn zhì rú guī,feel at home
茶话会,chá huà huì,tea party
耽误,dān wù,delay
老套,lǎo tào,old fashioned
大型,dà xíng,large scale
欲扬先抑,yù yáng xiān yì,promote before suppressing
怀疑,huái yí,suspect
恶作剧,è zuò jù,practical joke
出其不意,chū qí bú yì,catch someone unawares 
噼里啪啦,pī lǐ pā lā,continuous sounds of crackling, pattering, slapping 
无敌,wú dí,invincible
尿,niào,pee
操场,cāo chǎng,playground
集体,jí tǐ,collectively
粗鲁,cū lǔ,rude
适应,shì yìng,try out
沉稳,chén wěn,calm
交代,jiāo dài,explain, accountability
隐形,yǐn xíng,invisible
二次元,èr cì yuán,two dimensional
进展,jìn zhǎn,progress
欺负,qī fù,bully
诅咒,zǔ zhòu,(magic) curse 
牺牲,xī shēng,sacrifice
不共戴天,bú gòng dài tiān,cannot live under the same sky 
沉不住气,chén bú zhù qì,can’t hold back
合照,hé zhào,group photo
毫无意义,háo wú yì yì,meaningless
虚荣,xú róng,vain
芹菜,qín cài,celery
傲慢,ào màn,arrogant
贪婪,tān lán,greedy
嫉妒,jí dù,jealous
校训,xiào xùn,motto
受害者,shòu hài zhě,victim
既然,jì rán,since, because of
消气,xiāo qì,cool your temper
嚣张,xiāo zhāng,arrogant
知音,zhī yīn,best of friends
线索,xiàn suǒ,clue
身材,shēn cái,(body) figure
含量,hán liàng,content
搭档,dā dàng,partner
预备,yù bèi,prepare, backup
热身,rè shēn,warmup
自求多福,zì qiú duō fú,go find the answer yourself
…似的,sì de,like, as if
自首,zì shǒu,surrender
落井下石,luò jǐng xià shí,add insult to injury 
外貌,wài mào,outward appearance 
欺骗,qī piàn,deceive
幻想,huàn xiǎng,fantasy
依然,yī rán,still
欠,qiàn,owe
框,kuāng,(picture) frame
创可贴,chuàng kě tiē,bandaid 
推断,tuī duàn,deduce
难安,nán ān,anxious
毕竟,bì jìng,after all
污点,wū diǎn,stain
蛮,mán,very
愈合,yù hé,heal
承担,chéng dān,withstand
刻薄,kè bó,mean, harsh
优惠券,yōu huì quàn,coupon
重新,chóng xīn,again from the beginning 
发展,fā zhǎn,develop
况且,kuàng qiě,besides
炫耀,xuàn yào,show off
记仇,jì chóu,hold a grudge
常识,cháng shì,common sense
记叙文,jì xù wén,narrative
阅卷,yuè juàn,grade (a test)
散文,sǎn wén,prose
点题,diǎn tí,question
温馨,wēn xīn,cozy
彼此,bǐ cǐ,each other
平淡,píng dàn,dull (in manner)
深刻,shēn kè,profound
分辨是非,fēn biàn shì fēi,distinguish right from wrong
法院,fǎ yuán,court
指责,zhǐ zé,accuse
良心,liáng xīn,conscience
展示,zhǎn shì,exhibit
打败,dǎ bài,defeat
执行,zhí xíng,execute (a plan)
终极,zhōng jí,ultimate
安慰,ān wèi,(to) comfort
靠谱,kào pǔ,reliable
轱辘,gū lu,wheels
利率,lì lǜ,interest rate
纠结,jiū jié,go back and forth in indecision 
版权,bǎn quán,copyright
公交系统,gōng jiāo xì tǒng,public transit system 
全职,quán zhí,full time
兼职,jiān zhí,part time
无业,wú yè,unemployed
联邦,lián bāng,federal
探索,tàn suǒ,explore
视觉,shì jué,vision
领域,lǐng yù,field (of study)
一年一度,yì nián yí dù,annual
分析,fēn xī,analysis
专家,zhuān jiā,professionals
产业界,chǎn yè jiè,industry (as opposed to academia)
学术,xué shù,academia
组织,zū zhī,organization, weave, tissue
来自,lái zì,from (a country of origin)
量化,liàng huà,quantitative
单位,dān wèi,unit
明显,míng xiǎn,obvious
浅,qiǎn,shallow
为何,wèi hé,why
移除,yí chú,remove
谈判,tán pàn,negotiate
码农,mǎ nóng,programmer
码头,mǎ tóu,harbor
取舍,qú shě,trade off 
舍弃,shě qì,give up (something)
效益,xiào yì,benefit
幸好,xìng hǎo,fortunately
人事,rén shì,personnel
业绩,yè jī,business performance
理智,lǐ zhì,rational
智利,zhì lì,intellect
情商,qíng shāng,emotional intelligence
冷静,lěng jìng,calm
冷酷,lěng kù,coldly
情伤,qíng shāng,heartbreak
时尚,shí shàng,trendy
补水,bú shǔi,moisturize
先做,xiàn zuò,make to order 
强调,qiáng diào,emphasize
乐队,yuè duì,band
折磨,zhé mó,torture
可疑,kě yí,suspicious
干脆,gān cuì,might as well
优点,yōu diǎn,advantage
胆大心细,dǎn dà xīn xìn,decisive yet cautious 
再度,zài dù,again
发育,fā yù,(child) development
冷漠,lěng mò,indifferent
饶了,ráo le,forgive
露一手,lù yì shǒu,show you how it’s done
立正站好,lì zhèng zhàn hǎo,stand at attention
嫌弃,xián qì,dislike
看待,kàn dài,regard, perceive, view
陌生人,mò shēng rén,stranger
死亡,sǐ wáng,die
失踪,shī zōng,missing
不幸,bú xìng,unfortunately
舍不得,shě bù dé,reluctant
谋杀,móu shā,murder
蜡烛,là zhú,candle
凑近,còu jìn,come close
资源,zī yuán,resources
插头,chā tóu,electrical outlet
开源节流,kāi yuán jié liú,increase income reduce costs
酷炫,kù xuàn,cool
哪怕,nǎ pà,no matter if, even if
暗示,àn shì,hint
念叨,niàn dao,chant
刺客,cì kè,assassin
季度,jì dù,financial quarter
财务,cái wù,finance
反常,fǎn cháng,abnormal
下咽,xià yàn,swallow
循环,xún huán,circulate
冤枉,yuān wǎng,injustice
草民,cǎo mín,plebe
魔术,mó shù,magic
偷懒,tōu làn,procrastinate
董事长,dǒng shì zhǎng,chairperson
珠宝,zhū bǎo,jewelry
户头,hù tóu,(bank) account
事态,shì tài,situation
集团,jí tuán,clique, group
薄弱,bó ruò,frail
大眼瞪小眼,dà yǎn dèng xiǎo yǎn,stare at each other awkwardly 
来得早不如来得巧,lái de zǎo bù rú lái de qiǎo,coming at the opportune time beats coming on time
来路不明,lái lù bù míng,unclear origin
跟踪,gēn zōng,track (down)
做贼心虚,zuò zeí xīn xū,guilty conscience
献媚,xiàn mèi,flatter
显着,xiǎn zhe,as if
讲究,jiǎng jiù,be particular
熔岩,róng yán,lava
家境,jiā jǐng,family background
崇拜,chóng bài,worship
炸弹,zhà dàn,bomb
收工,shōu gōng,call it a day
遇见,yù jiàn,meet
任意,rèn yì,at will
首饰,shǒu shì,jewelry
铺,pù,shop
护垫,hù diàn,menstrual pads
奖励,jiǎng lì,award
贪心,tān xīn,greedy
失礼,shī lǐ,faux pas
度过,dù guò,spend (time)
简直,jiǎn zhí,simply
均匀,jūn yūn,uniform in consistency
水晶,shuǐ jīng,crystal
年薪,nián xīn,salary increase
姿势,zī shì,posture
平面设计,píng miàn shè jì,graphic design
日志,rì zhì,(systems) log
作者,zuò zhě,author
澄清,chéng qīng,clarify
断开,duàn kāi,break
服务器,fú wù qì,(computer) server 
加载,jiā zǎi,load (a webpage)
发呆,fā dāi,daydream
掩耳盗铃,yán shuǐ dào líng,if you can’t see it it’s not there 
加薪,jiā xīn,salary raise 
涨工资,zhǎng gōng zī,salary raise 
正式,zhèng shì,formal
摸索,mō suǒ,trial and error
系,xì,(academic) discipline
平台,píng tái,platform
栏杆,lán gān,banister
画廊,huà láng,gallery
走廊,zǒu láng,corridor, hallway
逛吃逛吃,guàng chī guàng chī,shopping and eating your way around a town
旁白,páng bái,narration
遵守,zūn shǒu,abide by
戒心,jiè xīn,wary
俱全,jù quán,complete
先祖,xiān zǔ,ancestors
压榨,yā zhà,oppress
盟友,méng yǒu,ally
挣钱,zhèng qián,earn money
伪装,wěi zhuāng,disguise
气质,qì zhì,disposition
任务,rèn wù,task
有利,yǒu lì,beneficial
勉强,miǎn qiáng,reluctantly
犹豫,yóu yù,hesitate
拼命,pīn mìng,desperately
糊涂,hú tú,confused
故意,gù yì,deliberately
寄生虫,jì shēng chóng,parasite
吞,tūn,swallow
岂不是,qǐ bú shì,wouldn't it be
应对,yìng duì,cope
从未,cóng wèi,never
剑,jiàn,sword
过分,guò fèn,overkill
足够,zū gòu,enough
何时,hé shí,when
阴差阳错,yīn chà yáng cuò,wrong place wrong time 
无论,wú lùn,regardless
冲动,chōng dòng,impulsive
恰巧,qià qiǎo,coincidentally
噩梦,è mèng,nightmare
无耻,wú chǐ,shameless
挽回,wǎn huí,redeem
忘恩负义,wàng ēn fù yì,ungrateful
恬不知耻,tián bù zhī chǐ,shameless
保证,bǎo zhèng,ensure
仆人,pú rén,servant
彻底,chè dǐ,thorough
内脏,nèi zàng,internal organs
表白,biǎo bái,confess
恩情,ēn qíng,kindness
混蛋,hún dàn,asshole
废话,fèi huà,nonsense
仓库,cāng kù,warehouse
回想,huí xiǎng,recall
打寒颤,dǎ hán zhàn,(to) shiver
达到目标的手段,dǎ dào mù biāo de shǒu duàn,means to an end
名扬天下,míng yáng tiān xià,be famous
不为人所知,bù wéi rén suǒ zhī,unknown
所谓,suǒ wèi,so called
自负,zì fù,conceited
未来,wèi lái,future
守护,shòu hù,protect
归档,guī dǎng,archive
相应,xiāng yīng,corresponding, relevant
启用,qǐ yòng,enable
权限,quán xiàn,permissions 
宿命,sù mìng,fate
这么回事,zhè me huí shì,such a thing 
正题,zhèng tí,main point
傀儡,kuí lěi,puppet
见识,jiàn shì,(to) experience 
物悲,wù bēi,grief for objects and places
未曾,wèi céng,never before
拧,nǐng,screw, twist, wring
凝,níng,condense, coagulate 
淡漠,dàn mò,indifferent
汇聚,huì jù,converge
不知不觉,bù zhī bù jué,unwittingly
遗忘,yí wàng,amnesia, forget
穿进,chuān jìn,penetrate
从始至终,cóng shǐ zhì zhōng,all the while
一回,yì huí,once, one time
机智,jī zhì,witty, resourceful 
负起责任,fù qǐ zé rèn,take responsibility
成交,chéng jiāo,it’s a deal 
残疾,cán jí,disabled
沮丧,jǔ sàng,depressed
复生,fù shēng,reanimate, regenerate
纯熟,chún shú,proficient
拳头,quán tóu,fist
临时,lín shí,temporary
烂,làn,overcooked, overripe 
费解,fèi jiě,incomprehensible
气候,qì hòu,climate
庙,miào,temple
供起来,gòng qǐ lái,worship
定语,dìng yǔ,adjective
晦涩,huì sè,obscure
目前来说,mù qián lái shuō,as far as I can tell
怨言,yuàn yán,complaint
杂志,zá zhì,magazine
平衡,píng héng,balance
缺水,quē shuǐ,dehydrated
胡说八道,hú shuō bā dào,nonsense
八卦,bā guà,gossip
害羞,hài xiū,bashful
胜算,shèng suàn,odds, chances
灵,líng,accurate, sharp
此乃,cí nǎi,this is
同情,tóng qíng,sympathy
结论,jié lùn,conclusion
高潮,gāo cháo,climax, high tide
正义,zhèng yì,justice
未必,wèi bì,not necessarily
奇迹,qí jì,miracle
勇气,yǒng qì,courage
稳,wěn,stable
奢求,shè qiú,make extravagant demands
讽刺,fèng cì,ironic
维生素,wéi shēng sù,vitamin
按照,àn zhào,according to
拍马屁,pāi mǎ pì,to flatter someone 
嗜睡,shì shuì,drowsy
代购,dài gōu,generational gap
吃腻了,chī nì le,get sick of eating something 
朋友之交淡如水,péng yǒu zhī jiāo dàn rú shuǐ,friends that are unremarkable but necessary like water
酒肉朋友,jiǔ ròu péng yǒu,friends of circumstance
塑料朋友,sù liào péng yǒu,fake friends
知交,zhī jiāo,trusted friend
幽默感,yōu mò gǎn,sense of humor 
炒作,chǎo zuò,hype
缺省,quē shěng,default
压抑,yā yì,oppress
出柜,chū guì,come out
十足,shí zú,utterly
忌讳,jì huì,taboo
燕麦,yàn mài,oat
人家,rén jiā,other people
智库,zhì kù,think tank
垄断,lǒng duàn,monopoly
狂热,kuáng rè,fanaticism
天才,tiān cái,genius
龙凤胎,lóng fèng tāi,male and female twins 
志向,zhì xiàng,ambition
个性,gè xìng,personality
急诊,jí zhěn,emergency
狼狈,láng bèi,embarrassed, caught unawares 
刺激,cì jī,stimulate
寄托,jì tuō,something to give life purpose
蒲公英,pú gōng yīng,dandelion
技巧,jì qiǎo,skill
强奸,qiáng jiān,rape
绑票,bǎng piào,kidnap
节操,jié cāo,ethics
自媒体,zì méi tǐ,influencer
风湿痛,fēng shī tòng,arthritis
竟然,jìng rán,went so far as to
浑身,hún shēn,all over
采访,cǎi fǎng,interview
矿泉水,kuàng quán shuǐ,bottled water
口香糖,kǒu xiāng táng,gum
放屁,fàng pì,fart, bullshit
矫正,jiǎo zhèng,braces
区别,qū bié,difference
螺丝刀,luó sī dāo,screwdriver
韭菜,jiǔ cài,Chinese chives
咖喱,gā lì,curry
拿铁,ná tiě,latte
折叠,zhé dié,fold, collapse 
穿搭,chuān dā,outfit (clothing)
吊车,diào chē,crane
洗面奶,xǐ miàn nǎi,face wash
炼乳,liàn rǔ,condensed milk
热量,rè liàng,calories
脂肪,zhī fáng,(dietary) fat 
糖霜,táng shuāng,frosting
浓缩,nóng suō,concentrate (substance)
英里,yīng lǐ,mile
绕口令,rào kǒu lìng,tongue twister
挥发,huī fā,evaporate
化肥,huà féi,fertilizer
不成文,bù chéng wén,unwritten
袜子,wà zi,sock
朝代,cháo dài,dynasty
论文,lùn wén,thesis
偶像,ǒu xiàng,idol
蚯蚓,qiū yǐn,worm
蜗牛,wō niú,snail
莴笋,wō sǔn,asparagus
象声词,xiàng shēng cí,onomatopoeia
瀑布,pù bù,waterfall
唯一,wéi yī,sole, only 
口味,kǒu wèi,appetite
角落,jiǎo luò,corner
宏大,hóng dà,grand
胭脂,yán zhī,rouge
阳台,yáng tái,patio
线性代数,xiàn xìng dài shù,linear algebra
睡莲,shuì lián,waterlily
企鹅,qǐ é,penguin
绝对,jué duì,definitely
叛徒,pàn tú,traitor
惊讶,jīng yà,surprise
擀面杖,gǎn miàn zhàng,rolling pin
日全食,rì quán shí,solar eclipse
宠物,chǒng wù,pet
依偎,yī wēi,snuggle
逃课,táo kè,play hooky
手链,shǒu liàn,bracelet
简洁,jiǎn jié,simple
吉娃娃,jí wá wa,chihuahua
混,hùn,mix up
是非,shì fēi,drama
稀里糊涂,xī lǐ hú tú,confused
一声不吭,yì shēng bù kēng,noiseless
漏水,lòu shuǐ,water leak
电路,diàn lù,circuit
方言,fāng yán,dialect
目的地,mù dì dì,destination
货郎,huò láng,peddler
恐惧,kǒng jù,afraid, fear
心上人,xīn shàng rén,sweetheart
斟,zhēn,pour
相会,xiāng huì,meet
晚霞,wǎn xiá,twilight
片刻,piàn kè,moment
运营,yùn yíng,operations
策划,cè huà,planning
市场推广,shì chǎng tuī guǎng,marketing
总监,zǒng jiān,director
作曲,zuò qǔ,composer
编曲,biān qǔ,music arranger
制片,zhì piàn,producer
巴士,bā shì,bus
防止,fáng zhǐ,prevent
脖子,bó zi,neck
祷告,dǎo gào,praying
舔,tiǎn,lick
疮病,chuāng bìng,sores
承包,chéng bāo,lease
经济作物,jīng jì zuò wù,cash crops
普遍,pǔ biàn,universal
耕作,gēng zuò,cultivation
开源,kāi yuán,open source
创始人,chuàng shǐ rén,founder
冰雹,bīng báo,hail
新闻,xīn wén,news
顾问,gù wèn,consultant
潮涨潮汐,cháo zhǎng cháo xī,ebb and flow
发电机,fā diàn jī,generator
备用,bèi yòng,backup
防御,fáng yù,defense
赫兹,hè zī,hertz
烹饪,pēng rèn,cooking
捕鱼,bǔ yú,fishing
综合,zōng hé,comprehensive
折射,zhé shè,refract
薄膜,bó mó,film, membrane
蒸馏,zhēng liú,distill
诱惑,yòu huò,lure, tempt
聚集,jù jí,assemble, gather
电台,diàn tái,radio
直播,zhí bò,livestream
白噪音,bái zào yīn,white noise
推理,tuī lǐ,reasoning
空间力,kōng jiān lì,spatial skills
推算,tuī suàn,calculate
手眼脑协调,shǒu yǎn nǎo xié tiáo,hand eye coordination
不仅,bù jǐn,not only
专注,zhuān zhù,concentration
能否,néng fǒu,is it possible
太空,tài kōng,outer space
分摊,fēn tān,split proportionally 
长江后浪推前浪,cháng jiāng hòu làng tuī qián làng,they walked so we could run
抗议,kāng yì,go on strike, protest
啰嗦,luō suo,wordy
矛盾,máo dùn,contradiction
怀孕,huái yùn,pregnant
折腾,zhēteng,fidget
歇,xiē,rest
咬,yǎo,bite
伪造,wèi zào,counterfeit, forge
太平洋,tài píng yáng,Pacific Ocean
误诊,wù zhěn,misdiagnosis
出格,chū gé,inappropriate, unusual
巧合,qiǎo hé,coincidence
点评,diǎn píng,critique
烦恼,fán nǎo,fret, annoy
袖,xiù,sleeve
祖宗,zǔ zōng,ancestors
长颈鹿,cháng jǐng lù,giraffe
见证,jiàn zhèng,witness
成长,chéng zhǎng,grow up
看似,kàn sì,seemingly
多样性,duō yàng xìng,diversity
包容性,bāo róng xìng,tolerance
刘海,liú hǎi,bangs
趋势,qū shì,trends
预测,yù cè,predict
计算机科学,jì suàn jī kē xué,computer science
数据分析,shù jù fēn xī,data analysis
销售,xiāo shòu,sales
软件开发,ruǎn jiàn kāi fā,software development
快捷键,kuài jié jiàn,keyboard shortcut
切至,qiè zhì,cut to
音量,yīn liàng,sound volume
发言,fā yán,give speech
怀旧,huái jiù,nostalgia
低音女,dī yīn nǚ,alto voice
高音女,gāo yīn nǚ,soprano voice
低音男,dī yīn nán,bass voice
高音男,gāo yīn nán,tenor voice
移情别恋,yí qíng bié liàn,transfer affections to someone else
走马观花,zǒu mǎ guān huā,experience superficially 
翻腾,fān téng,billow
书面语,shū miàn yǔ,literary language
西洋,xī yáng,Western
刚劲,gāng jìn,masculine, vigorous
柔美,róu měi,feminine, gentle
鼓掌,gǔ zhǎng,applaud
耍赖,shuǎ lài,cheating
守候,shǒu hòu,keep watch
取整,qǔ zhěng,round (a number)
题外话,tí wài huà,off topic
类似,lèi sì,of this type
检索,jiǎn suǒ,lookup, search
标注,biāo zhù,annotate
截图,jié tú,screenshot
体验,tǐ yàn,experience (of an event)
领馆,líng guǎn,consulate
错过,cuò guò,missed (opportunity)
扑克,pū kè,poker (cards)
匹配,pǐ pèi,match exactly
石榴,shí liú,pomegranate
天堂,tiān táng,heaven
入乡随俗,rù xiáng suí sú,when in Rome
互利互亲,hù lì hù qīn,symbiotic 
弱势群体,ruò shì qún tǐ,vulnerable groups
精力旺盛,jīng lì wàng shèng,energetic
避免,bì miǎn,avoid
不免,bù miǎn,unavoidable
黑工,hēi gōng,under the table
推荐信,tuī jiàn xìn,letter of recommendation
果冻,guǒ dòng,jello 
无花果,wú huā guǒ,fig
慷慨,kāng kǎi,generous
生猛,shēng měng,vigorous
公布,gōng bù,release
公平,gōng píng,equity
神经,shén jīng,nerve
殖民主义,zhí mín zhǔ yì,colonialism
生殖,shēng zhí,reproduce
侧方停车,cè fāng tíng chē,parallel parking
扯金,chě jīn,divest
基建,jī jiàn,infrastructure
赋能,fù néng,empower
妥协,tuǒ xié,compromise
挖掘,wā jué,excavate
碳水,tàn shuǐ,carbohydrates
亏本,kuī běn,loss
国会,guō huì,legislative assembly
饶舌,ráo shé,rap
牙龈,yá yín,gums
题目,tí mù,topic
上当,shàng dàng,fooled
制度,zhì dù,system (methodical)
改革,gǎi gé,reform
简报,jiǎn bào,presentation 
自信,zì xìn,confidence
倒霉,dǎo méi,menstruation
自来水,zì lái shuǐ,tap water
光污染,guāng wū rǎn,light pollution
遮,zhē,cover
亲嘴,qīn zuǐ,kiss
恋人,liàn rén,lover
邮箱,yóu xiāng,email address
论据,lùn jù,argument
捍卫,hàn wèi,defend
证明,zhèng míng,proof
无奈,wú nài,helpless
风趣,fēng qù,witty
苦中作乐,kǔ zhōng zuò lè,finding joy in hardship
恶劣,è liè,hostile
雪松,xuě sōng,cedar
表情包,biǎo qíng bāo,emoji
无家可归,wú jiā kě guī,homeless
奥运会,ào yùn huì,olympics
难得,nán dé,difficult to obtain
工业,gōng yè,industry
排放,pái fàng,emit
废弃,fèi qì,emission
销售量,xiāo shòu liàng,sales volume
形成,xíng chéng,occur
瘫痪,tān huàn,paralyze
腿部,tuǐ bù,backward step
恶化,è huà,deteriorate
品质,pǐn zhì,quality
降落,jiàng luò,decrease
显然,xiǎn rán,obviously
雾霾,wù mái,smog
认得,rén dé,recognize
罕见,hǎn jiàn,rare
灰蒙蒙,huī méng méng,gray and foggy
面对,miàn duì,confront
瞧,qiáo,look
军事,jūn shì,military
软实力,ruǎn shí lì,soft power
引领,yǐn lǐng,lead
日常,rì cháng,daily
换句话说,huàn jù huà shuō,in other words
认同,rèn tóng,identify with
大炮,dà pào,artillery
征服,zhēng fú,conquer
顾虑,gù lǜ,concern
对策,duì cè,countermeasure
无处不在,wú chù bù zài,ubiquitous
西化,xī huà,westernization
提倡,tí chàng,advocate
传统,chuán tǒng,traditional
定为,dìng wéi,designate
法定,fǎ dìng,officially appointed
复古,fù gǔ,retro
倾向,qīng xiàng,tendency
茶道,chá dào,tea ceremony
中国结,zhōng guó jié,Chinese knot
占,zhàn,occupy
各地,gè dì,each place
杂技,zá jì,acrobatics
军装,jūn zhuāng,military uniform
打字,dǎ zì,(keyboard) typing
不可缺少,bù kě quē shǎo,indispensable
乡村,xiāng cūn,country(side)
民主,mín zhǔ,democracy
生活方式,shēng huó fāng shì,lifestyle
伊拉克,yī lā kè,Iraq
马拉松,mǎ lā sōng,marathon
过时,guò shí,outdated
山寨产品,shān zhài chǎn pǐn,knockoff
仿冒,fǎng mào,imitate
一模一样,yī mó yī yàng,exactly the same
手提包,shǒu tí bāo,handbag
物美价廉,wù měi jià lián,great deal
劣质,liè zhì,poor quality
泛滥,fàn làn,proliferate
现象,xiàn xiàng,phenomenon
反映,fǎn yìng,reflection
商人,shāng rén,merchant
商家,shāng jiā,business
上了他的当,shàng le tā de dàng,fooled by
守法,shǒu fǎ,law-abiding
非法,fēi fǎ,illegal
知识产权,zhī shí chǎn quán,intellectual property
抄袭,chāo xí,plagiarize
伪劣产品,wěi liè chǎn pǐn,cheap product
抢购,qiǎng gòu,rush to buy
商品,shāng pǐn,merchandise
电器,diàn qì,appliance
购买,gòu mǎi,purchase
当地,dāng dì,local
进口,jìn kǒu,import
大陆,dà lù,mainland
下令,xià lìng,command
限制,xiàn zhì,restriction
困惑,kùn huò,perplexed
奢侈品,shē chǐ pǐn,luxuries
征收,zhēng shōu,levy
交税,jiāo shuì,pay taxes
制造,zhì zào,manufacture
健全,jiàn quán,(structurally) sound
执法,zhí fǎ,enforce
严格,yán gé,strict
监督,jiān dū,supervise
靴子,xuē zi,boots
快速消费品,kuài sù xiāo fèi pǐn,fast fashion
价格,jià gé,price
侵略,qīn lüè,subjugation
宗教,zōng jiào,religion
卫生纸,wèi shēng zhǐ,toilet paper
重视,zhòng shì,prioritize
侵犯,qīn fàn,infringe
蟒蛇,mǎng shé,python
喷嚏,pēn tì,sneeze
张牙舞爪,zhāng yá wǔ zhǎo,make threatening gestures
传人,chuán rén,successor, descendant
象征,xiàng zhēng,symbol
绣花,xiù huā,embroidery
温和,wēn hé,gentle
自卫,zì wèi,self-defense
凶猛,xiōng měng,ferocious
攻击性,gōng jī xìng,aggressiveness
形象,xíng xiàng,image, form
喷泉,pēn quán,fountain
伟大,wěi dà,great
群山,qún shān,mountain range
自豪,zì háo,proud
封闭,fēng bì,closed
包容,bāo róng,inclusive, let someone off the hook
四通八达,sì tōng bā dá,well-connected
困,kùn,trapped
病毒,bìng dú,virus, illness
幼稚,yòu zhì,childish
发达,fā dá,developed
成立,chéng lì,establish
审查,shěn chá,censor
虚假新闻,xū jiǎ xīn wén,fake news
过滤,guò lǜ,filter
偏见,piān jiàn,prejudice, bias
社区大学,shè qū dà xué,community college
科技,kē jì,technology
苍蝇,cāng yíng,fly
反腐,fǎn fǔ,anti-corruption
起先,qǐ xiān,at first
贪官,tān guān,corrupt official
处罚,chǔ fá,punishment
逍遥法外,xiāo yáo fǎ wài,escape punishment
监狱,jiān yù,prison
亿,yì,100 million
高管,gāo guǎn,senior executive
吃喝嫖赌,chī hē piáo dǔ,living in excess
贿赂,huì lù,bribery
阶级,jiē jí,social class
特权,tè quán,privilege
制裁,zhì cái,sanction
气愤,qì fèn,indignant
决心,jué xīn,determination
贪污,tān wū,embezzle
盯,dīng,stare
官员,guān yuán,government official
立刻,lì kè,immediately
器官,qì guān,organ
吸管,xī guǎn,drinking straw
宣传,xuān chuán,propagate
腐败,fǔ bài,corruption
掩饰,yǎn shì,coverup
正当,zhèng dāng,legitimate
手段,shǒu duàn,tactics
睁眼睛,zhēng yǎn jīng,open eyes
愉快,yú kuài,pleasant
战场,zhàn chǎng,battlefield
人情,rén qíng,favors
适当,shì dàng,appropriate
法治,fǎ zhì,laws
障碍,zhàng ài,obstacle
平等,píng děng,equality
恰恰,qià qià,exactly
主张,zhǔ zhāng,advocate
治理,zhì lǐ,governance
接触,jiē chù,contact
啃老,kěn lǎo,freeload
愤怒,fèn nù,wrath
奴隶,nú lì,slave
沙滩,shā tān,beach
遥控器,yáo kòng qì,remote control
铃铛,líng dāng,bell
订书机,dīng shū jī,stapler
坚持,jiān chí,persist
痛苦,tòng kù,suffer
社交媒体,shè jiāo méi tǐ,social media
原住民,yuán zhù mín,aboriginal peoples
土著,tǔ zhù,indigenous
融化,róng huà,melt
拜访,bài fǎng,visit
鹰钩鼻,yīng gōu bí,hooked nose
钓鱼,diào yú,fishing
目的,mù dì,purpose
医疗,yī liáo,medical
讲座,jiǎng zuò,lecture
提供,tí gōng,provide
逻辑,luó jí,logic
玻璃,bō li,glass
荧光笔,yíng guāng bǐ,highlighter
萤火虫,yíng huǒ chóng,firefly
火柴,huǒ chái,tinder
兄弟会,xiōng dì huì,fraternity
姐妹会,jiě mèi huì,sorority
宣布,xuān bù,announce
内存,nèi cún,memory
事实,shì shí,fact
浇水,jiāo shuǐ,watering
拉丁,lā dīng,Latin
多米尼加共和国,duō mǐ ní jiā gòng hé guó,Dominican Republic
桌游,zhuō yóu,board games
取代,qǔ dài,replace
古迹,gǔ jī,historic site
改善,gǎi shàn,improvement
旋转门,xuán zhuàn mén,revolving door
项链,xiàng liàn,necklace
戒指,jiè zhǐ,ring
位置,wèi zhì,position
阳光灿烂,yáng guāng càn làn,sunny
凝视,níng shì,gaze
传教士,chuán jiào shì,missionary
基督教,jī dū jiào,Christian
词源,cí yuán,etymology
事实 ,shì shí,fact
即将,jí jiāng,soon
仍然,réng rán,still
雕像,diào xiàng,statue
由于,yóu yú,because
婚姻,hūn yīn,marriage
冲突,chōng tú,conflict
调和,tiáo hé,reconcile
挪用,nuó yòng,appropriation
仅仅,jǐn jǐn,only
致癌,zhì aí,carcinogenic
风扇,féng shàn,fan
马蹄,mǎ tí,horseshoe
圣经,shèng jīng,Bible
领养,líng yǎng,adopted
剃,tì,shave
普及,pǔ jí,universal
拖把,tuō bǎ,mop
掀,xiān,lift
安装,ān zhuāng,install
窗帘,chuāng lián,curtains
观星台,guān xīng tái,observatory
证据,zhèng jù,evidence
手腕,shǒu wàn,wrist
喜剧,xǐ jù,comedy
不利,bú lì,unfavorable
且不说,qiě bù shuō,not to mention
负担,fù dān,burden
繁荣,fán róng,prosperous
坚决,jiān jué,determine
健身房,jiàn shēn fáng,gym
节约,jié yuē,economize
戏剧,xì jù,comedy
梗图,gěng tú,meme
依靠,yī kào,rely on
商学院,shāng xué yuàn,business school
同化,tóng huà,assimilate
荔枝,lì zhī,lychee
乞丐,qǐ gài,beggar
凡是,fán shì,all
派人,pài rén,send someone
事件,shì jiàn,incident
不良,bù liáng,bad
成年人,chéng nián rén,adults
必然,bì rán,inevitably
构成,gòu chéng,constitute
处于,chǔ yú,located
触及,chù jí,touch
告上法庭,gào shàng fǎ tíng,take to court
遭,zāo,suffered
枪击案,qiāng jī àn,shooting
极少数,jí shǎo shù,extreme minority
立即,lì jí,immediately
提出,tí chū,submit
书面,shū miàn,written
连续,lián xù,continuous
意图,yì tú,intent
以往,yí wǎng,in the past
有无,yǒu wú,have any
合格,hé gé,eligible
未成年人,wèi chéng nián rén,minor
针对,zhēn duì,against, targeting
过问,guò wèn,ask
孝道,xiào dào,filial piety
实行,shí xíng,implement
交出,jiāo chū,hand over
宣战,xuān zhàn,declare war
外交,wài jiāo,diplomacy
外加,wài jià,plus
事务,shì wù,affairs
通常,tōng cháng,generally
竞选,jìng xuǎn,campaign (for election)
如今,rú jīn,now
微积分,wēi jī fēn,calculus
日程,rì chéng,schedule
范围,fàn wéi,scope
难免,nán miǎn,inevitably
差异,chā yì,difference
各异,gè yì,various
需求,xū qiú,requirement
大脑,dà nǎo,cerebrum
如下,rú xià,as follows
智能手机,zhì néng shǒu jī,smartphone
弹性,tán xìng,elasticity
众多,zhòng duō,multitudinous
上述,shàng shù,aforementioned
此外,cǐ wài,moreover
倘若,tǎng ruò,suppose
错失,cuò shī,miss out
多语言,duō yǔ yán,multilingual
关键期,guān jiàn qī,critical period
学者,xué zhě,scholar
于是,yú shì,accordingly
诸多,zhū duō,a good deal of
然而,rán ér,however
质疑,zhì yí,question validity
尚未,shàng wèi,not yet
参与,cán yù,participate
究竟,jiū jìng,outcome, after all
实施,shí shī,implement
体制,tǐ zhì,system
翻白眼,fān bái yǎn,rolling eyes
经期,jīng qí,menstruation
外观,wài guān,exterior
否决,fǒu jué,veto
困扰,kùn rǎo,troubles
忧虑,yōu lǜ,concerns
面临,miàn lín,confront
譬如,pì rú,for example
收成,shōu chéng,reap
婉辞,wǎn cí,euphemism
忧郁症,yōu yù zhèng,depression
不应,bù yīng,should not
过度,guò dù,excessive
近日,jìn rì,recently
模特,mó tè,model
开幕,kāi mù,inauguration
不久,bù jiǔ,soon, recently
顶尖,dǐng jiān,top contenders
总决赛,zǒng jué sài,finals
层出不穷,céng chū bù qióng,endless
焦点,jiāo diǎn,focus
诚然,chéng rán,indeed
魅力,mèi lì,enchantment
借此,jiè cǐ,seize the opportunity
大做宣传,dà zuò xuān chuán,heavily promote
打响,dǎ xiǎng,make known
知名度,zhī míng dù,name recognition
成千上万,chéng qiān shàng wàn,thousands upon thousands
主办国,zhǔ bàn guó,host country
再次,zài cì,again
舞台,wǔ tái,stage
展现,zhǎn xiàn,unfold
双赢,shuāng yíng,win-win
滥,làn,overboard
有如,yǒu rú,seem as
形影不离,xíng yǐng bù lí,inseparable
商场,shāng chǎng,mall
大使,dà shǐ,ambassador
促销,cù xiāo,promote
代言人,dài yán rén,spokesperson
大凡,dà fán,generally
身影,shēn yǐng,figure
持,chí,hold (opinion)
推出,tuī chū,launch
倍增,bèi zēng,double
外表,wài biǎo,appearance
以貌取人,yǐ mào qǔ rén,judge by appearance
嫁,jià,marry
存在,cún zài,exist
担忧,dān yōu,worry
性感,xìng gǎn,sexy
前所未有,qián suǒ wèi yǒu,unprecedented
强化,qiáng huà,strengthen
不利于,bù lì yú,not beneficial to
分工,fēn gōng,division of labor
附着,fù zhuó,adhere
名誉,míng yù,reputation
不言而喻,bù yán ér yù,self-evident
貌似,mào sì,seemingly 
动人,dòng rén,attractive, moving
首当其冲,shǒu dāng qí chōng,bear the brunt
若隐若现,ruò yǐn ruò xiàn,looming
丢三落四,diū sān là sì,forgetful
七扭八歪,qī niǔ bā wāi,crooked
五颜六色,wǔ yán liù sè,colorful
称心如意,chèn xīn rú yì,perfectly satisfactory
稀奇古怪,xī qí gǔ guài,odd
乱七八糟,luàn qī bā zāo,messy
火上浇油,huǒ shàng jiāo yóu,add fuel to the fire
彬彬有礼,bīn bīn yǒu lǐ,courteous
百废待兴,bǎi fèi dài xīng,all things waiting to be done
青红皂白,qīng hóng zào bái,right and wrong
花里胡哨,huā lǐ hú shào,flashy
幸灾乐祸,xìng zāi lè huò,schadenfreude
鹏程万里,péng chéng wàn lǐ,a bright future
举世无双,jǔ shì wú shuāng,unparalleled
志在必得,zhì zài bì dé,determined to win
不翼而飞,bù yì ér fēi,vanish into thin air
鸡犬不宁,jī quǎn bù níng,complete disorder
和蔼可亲,hé ǎi kě qīn,amiable
今非昔比,jīn fēi xī bǐ,things are different now
尽力而为,jìn lì ér wéi,do one's best
寄人篱下,jì rén lí xià,live under someone else's roof
浅尝辄止,qiǎn cháng zhé zhǐ,dabble
死而后已,sǐ ér hòu yǐ,devote one's life to a cause
急转直下,jí zhuǎn zhí xià,sudden decline
逢场作戏,féng chǎng zuò xì,play along
睡眠,shuì mián,slumber
闪光灯,shǎn guāng dēng,photo flash
胸罩,xiōng zhào,bra
打交道,dǎ jiāo dào,interact
传承录取,chuán chéng lù qǔ,legacy admissions 
校友,xiào yǒu,alumnus
标语,biāo yǔ,slogan
奋斗,fèn dòu,strive
一无所有,yī wú suǒ yǒu,have nothing
郊区,jiāo qū,suburb
居民区,jū mín qū,residential area
批发,pī fā,wholesale
集市,jí shì,fair, market
推迟,tuī chí,postpone
稳定,wěn dìng,stable
公民,gōng mín,citizen
无所不有,wú suǒ bù yǒu,lacking nothing
才能,cái néng,talent
因素,yīn sù,factor
期盼,qī pàn,yearn
落后,luò hòu,fallen behind
转变,zhuǎn biàn,transform
先进,xiān jìn,advanced
贫穷,pín qióng,poor
农业,nóng yè,agriculture
富裕,fù yù,wealthy
帝国主义,dì guó zhǔ yì,imperialism
主权,zhǔ quán,sovereign
强烈,qiáng liè,intense
民族主义,mín zú zhǔ yì,nationalism
迫切,pò qiè,urgent
占领,zhàn lǐng,occupy
一战,yī zhàn,World War I
始终,shǐ zhōng,always
霸权,bà quán,hegemony
航空母舰,háng kōng mǔ jiàn,aircraft carrier
远程,yuǎn chéng,long distance
轰炸机,hōng zhà jī,bomber
洲际弹道导弹,zhōu jì dàn dào dǎo dàn,intercontinental ballistic missile
武器,wǔ qì,weapon
拥有,yōng yǒu,possess
谷歌,Gǔ gē,Google
翻墙,fān qiáng,circumvent Great Firewall
农药,nóng yào,pesticide
愿望,yuàn wàng,wish
激情,jī qíng,passion
解雇,jiě gù,lay off
雇用,gù yòng,hire
费用,fèi yòng,expense
扣掉,kòu diào,deduct
应酬,yìng chóu,social obligation
攒钱,zǎn qián,save money
房价,fáng jià,housing price
一线城市,yī xiàn chéng shì,first-tier city
人际关系,rén jì guān xì,interpersonal relationships
幸福,xìng fú,happiness
追求,zhuī qiú,pursue
安稳,ān wěn,stable
悠闲,yōu xián,leisurely
成就感,chéng jiù gǎn,sense of accomplishment
发挥,fā huī,utilize, exert
设立,shè lì,establish
办事处,bàn shì chù,agency
积累,jī lěi,accumulate
建立,jiàn lì,build
人脉,rén mài,network
否认,fǒu rèn,deny
集中,jí zhōng,concentrate
外地人,wài dì rén,non-local
理想,lǐ xiǎng,ideals
吸引,xī yǐn,attract
忙碌,máng lù,busy
差距,chā jù,(abstract) gap
人才,rén cái,talent
拉大,lā dà,widen
精英,jīng yīng,elite
自私,zì sī,selfish
缩小,suō xiǎo,narrow
投入,tóu rù,invest
资金,zī jīn,capital
竞争,jìng zhēng,competition
远工,yuǎn gōng,remote work
福利,fú lì,welfare
缺点,quē diǎn,disadvantage
简称,jiǎn chēng,abbreviation
缩写,suō xiě,acronym
建设,jiàn shè,construction
突飞猛进,tū fēi měng jìn,rapid progress
平均,píng jūn,average
时速,shí sù,speed per hour
乘,chéng,take (transport)
偏僻,piān pì,remote
改进,gǎi jìn,advance
趟,tàng,trip
轻易,qīng yì,easily
班车,bān chē,scheduled train
赶上,gǎn shàng,catch up
午夜,wǔ yè,midnight
行程,xíng chéng,itinerary
往返,wǎng fǎn,round trip
沿途,yán tú,along the way
平原,píng yuán,plain
高原,gāo yuán,plateau
稻田,dào tián,rice field
河流,hé liú,rivers
湖泊,hú pō,lakes
怪不得,guài bu de,no wonder
物产,wù chǎn,produce
鱼米之乡,yú mǐ zhī xiāng,fertile land
粗略,cū luè,rough (estimate)
划分,huà fēn,divide
淮河,Huái hé,Huai River (North and South China boundary)
公认,gōng rèn,widely recognized
分界线,fēn jiè xiàn,dividing line
长相,zhǎng xiàng,appearance
接近,jiē jìn,close to
标准,biāo zhǔn,standard
性情,xìng qíng,temperament
爽朗,shuǎng lǎng,cheerful, frank
直率,zhí shuài,straightforward
准点,zhǔn diǎn,on time
暴雨,bào yǔ,storm
到达,dào dá,arrive
安土重迁,ān tǔ zhòng qiān,reluctant to leave home
偏远,piān yuǎn,remote
开发,kāi fā,develop
景点,jǐng diǎn,tourist spot
带动,dài dòng,bring along
清新,qīng xīn,refreshing, renewed
俗气,sú qì,tacky
贩卖,fàn mài,peddle
纪念品,jì niàn pǐn,souvenir
两者,liǎng zhě,both parties
取得,qǔ dé,achieve
增加,zēng jiā,increase
原本,yuán běn,original
破落,pò luò,dilapidated
陈旧,chén jiù,old-fashioned
四合院,sì hé yuàn,courtyard house
胡同,hú tòng,alley
摩天大楼,mó tiān dà lóu,skyscraper
破坏,pò huài,damage
多数,duō shù,majority
抽水马桶,chōu shuǐ mǎ tǒng,flush toilet
场合,chǎng hé,occasion
平常,píng cháng,common
比比皆是,bǐ bǐ jiē shì,everywhere
二手烟,èr shǒu yān,secondhand smoke
显著,xiǎn zhù,significant
加大,jiā dà,intensify
禁,jìn,prohibit
力度,lì dù,intensity
自觉,zì jué,self-aware
违规,wéi guī,violate regulations
闯红灯,chuǎng hóng dēng,run a red light
悄悄,qiāo qiāo,quietly
随地吐痰,suí dì tǔ tán,spit anywhere
争先恐后,zhēng xiān kǒng hòu,vie to be first
形容,xíng róng,describe
群众心理,qún zhòng xīn lǐ,group mentality
秩序,zhì xù,order
具有,jù yǒu,possess
景观,jǐng guān,scenery
成群,chéng qún,in groups
订购,dìng gòu,order
缓解,huǎn jiě,alleviate
养成,yǎng chéng,cultivate
搭,dā,take (transport)
摇窗子,yáo chuāng zi,roll down the window
毛病,máo bìng,problem
优越感,yōu yuè gǎn,sense of superiority
乡下人,xiāng xià rén,country folk
与众不同,yǔ zhòng bù tóng,unique
推行,tuī xíng,pursue
闽南话,mǐn nán huà,Minnan dialect
喜宴,xǐ yàn,wedding banquet
主人公,zhǔ rén gōng,protagonist
性取向,xìng qǔ xiàng,sexual orientation
中介,zhōng jiè,intermediary, matchmaker
应付,yìng fù,cope with
房客,fáng kè,tenant
看望,kàn wàng,visit
公证,gōng zhèng,notarize
部下,bù xià,subordinates
新人,xīn rén,newlyweds
盛大,shèng dà,grand
中风,zhòng fēng,stroke (medical)
沉重,chén zhòng,heavy
坦白,tǎn bái,confess
保密,bǎo mì,keep confidential
默默,mò mò,quietly
结尾,jié wěi,ending
喜悦,xǐ yuè,joy
迎接,yíng jiē,(to) welcome
即将到来,jí jiāng dào lái,impending
保障,bǎo zhàng,guarantee
代名词,dài míng cí,synonym, pronoun
出轨,chū guǐ,have an affair
合法,hé fǎ,legal
异性,yì xìng,opposite sex
治好,zhì hǎo,cure
堕落,duò luò,degenerate
恐同,kǒng tóng,homophobia
导致,dǎo zhì,lead to
顾名思义,gù míng sī yì,as the name suggests
形式,xíng shì,form
家族,jiā zú,family
血脉,xuè mài,bloodline
延续,yán xù,continue
加害者,jiā hài zhě,perpetrator
正统,zhèng tǒng,orthodox
捉弄,zhuō nòng,tease
喜庆,xǐ qìng,festive
气氛,qì fēn,atmosphere
温情,wēn qíng,warm feelings
尴尬,gān gà,awkward
不断,bú duàn,continuously
刻板印象,kè bǎn yìn xiàng,stereotype
换乘,huàn chéng,transfer (while traveling)
大巴,dà bā,coach bus
大坝,dà bà,dam
证书,zhèng shū,certificate
艾滋病,ài zī bìng,AIDS
理疗医生,lǐ liáo yī shēng,physical therapist
新娘,xīn niáng,bride
当代,dāng dài,contemporary
排挤,pái jǐ,ostracize
系统,xì tǒng,system
不便,bú biàn,inconvenience
虚拟,xū nǐ,virtual
真实,zhēn shí,real
结合,jié hé,integrate, unite
英特网,yīng tè wǎng,Internet
技术,jì shù,technology, skill
常态,cháng tài,norm
上当受骗,shàng dàng shòu piàn,scammed
提升,tí shēng,enhance
意味,yì wèi,imply
生意,shēng yi,business
萎缩,wěi suō,shrink
实体,shí tǐ,physical
店面,diàn miàn,store
售货员,shòu huò yuán,salesperson
收银员,shōu yín yuán,cashier
经营,jīng yíng,operate, manage
成本,chéng běn,cost
无法,wú fǎ,unable
萧条,xiāo tiáo,recession
业务,yè wù,business, vocation
兴起,xīng qǐ,arise
高效,gāo xiào,efficient
包裹,bāo guǒ,package
下单,xià dān,place an order
专人,zhuān rén,agent
送达,sòng dá,deliver
小摊,xiǎo tān,street vendor
国营,guó yíng,state-owned
企业,qǐ yè,enterprise
电子,diàn zǐ,electronic， electron
付款,fù kuǎn,payment
革命性,gé mìng xìng,revolutionary
使用,shǐ yòng,use
支票,zhī piào,(money) check
跳跃,tiào yuè,leap
信用卡,xìn yòng kǎ,credit card
阶段,jiē duàn,stage (in a process)
消费,xiāo fèi,consumption
必不可少,bì bù kě shǎo,indispensable
交通工具,jiāo tōng gōng jù,means of transportation
永久,yǒng jiǔ,permanent
暂时,zàn shí,temporary
一次性,yí cì xìng,disposable, single-use
约炮,yuē pào,casual sex
炮友,pào yǒu,friends with benefits
由,yóu,from
高雅,gāo yǎ,elegant
广泛,guǎng fàn,widespread
性关系,xìng guān xì,sexual relationship
鄙视,bǐ shì,despise
理所当然,lǐ suǒ dāng rán,only right
背后,bèi hòu,behind
利用,lì yòng,utilize
打工,dǎ gōng,temporary work
从事,cóng shì,take up (a profession)
指导,zhǐ dǎo,guidance
课外活动,kè wài huó dòng,extracurricular activities
必修课,bì xiū kè,required course
选修课,xuǎn xiū kè,elective course
中考,zhōng kǎo,high school entrance exam
考研,kǎo yán,graduate school entrance exam
科目,kē mù,test subject
超乎,chāo hū,exceed
外教,wài jiào,foreign teacher
程度,chéng dù,degree
可想而知,kě xiǎng ér zhī,as you can imagine
热潮,rè cháo,craze
洋,yáng,foreign
本土,běn tǔ,local
值钱,zhí qián,valuable
一向,yī xiàng,always
财富,cái fù,wealth
起跑线,qǐ pǎo xiàn,starting line
镀金,dù jīn,gild
低龄化,dī líng huà,becoming younger
众所周知,zhòng suǒ zhōu zhī,as everyone knows
应试,yìng shì,exam-oriented
培养,péi yǎng,cultivate
创新,chuàng xīn,innovate
擅长,shàn cháng,mastery
素质,sù zhì,quality, character
高额,gāo é,high amount
心理,xīn lǐ,mentality
成熟,chéng shú,mature
早晚,zǎo wǎn,sooner or later
盲目,máng mù,blindly
想方设法,xiǎng fāng shè fǎ,by hook or by crook
造假,zào jiǎ,forge
成绩单,chéng jì dān,transcript
经费,jīng fèi,funds
乐意,lè yì,willing, happy to
学业,xué yè,studies
不佳,bù jiā,not good
开除,kāi chú,expel
连累,lián lěi,implicate
网购,wǎng gòu,online shopping
双面刃,shuāng miàn rèn,double-edged sword
餐饮业,cān yǐn yè,food industry
快递员,kuài dì yuán,delivery person
送货员,sòng huò yuán,delivery person
自取,zì qǔ,order for pickup
内用,nèi yòng,dine-in
堂食,táng shí,dine-in
环保,huán bǎo,sustainable
主任,zhǔ rèn,program director
记账,jì zhàng,bookkeeping
回馈,huí kuì,rebate
支票账户,zhī piào zhàng hù,checking account
储蓄账户,chǔ xù zhàng hù,savings account
利息,lì xī,(monetary) interest
补发,bǔ fā,re-issue
借记卡,jiè jì kǎ,debit card
宝可梦,bǎo kě mèng,Pokémon
自动扣加,zì dòng kòu jiā,auto-pay
返现,fǎn xiàn,cashback
代数,dài shù,algebra
学分,xué fēn,(academic) credit 
录用,lù yòng,hire
交换,jiāo huàn,exchange student
游学,yóu xué,study abroad
误解,wù jiě,misunderstanding
富豪,fù háo,rich person
讨钱,tǎo qián,beg for money
财大气粗,cái dà qì cū,wealthy and arrogant
趁机,chèn jī,seize the opportunity
要饭的,yào fàn de,beggar
富翁,fù wēng,rich person
泛指,fàn zhǐ,generally refer to
均等,jūn děng,equal
到位,dào wèi,in order
义务教育,yì wù jiào yù,compulsory education
均,jūn,all
就近,jiù jìn,nearby
辍学,chuò xué,drop out
基金会,jī jīn huì,foundation, organization
物色,wù sè,seek
给予,jǐ yǔ,give
资助,zī zhù,subsidize
回报,huí bào,repay
房产证,fáng chǎn zhèng,property deed
资格,zī gé,qualification
就读,jiù dú,attend (school)
递交,dì jiāo,submit
抽查,chōu chá,spot check
诚信,chéng xìn,integrity
罚款,fá kuǎn,fine
记录,jì lù,record
登记,dēng jì,register
未满,wèi mǎn,under (a limit)
监护,jiān hù,guardianship
黄,huáng,pornographic, sexual
泛滥成灾,fàn làn chéng zāi,rampant
吸毒,xī dú,take drugs
涉及,shè jí,involve
色情,sè qíng,pornography
赌博,dǔ bó,gambling
内华达州,nèi huá dá zhōu,Nevada
深处,shēn chù,depths
内陆,nèi lù,inland
沙漠,shā mò,desert
地带,dì dài,zone
拉斯维加斯,lā sī wéi jiā sī,Las Vegas
博彩业,bó cǎi yè,gambling industry
支柱,zhī zhù,pillar
产业,chǎn yè,industry
澳门,ào mén,Macau
牧业,mù yè,livestock farming
开拓,kāi tuò,break ground 
禁区,jìn qū,restricted area
即便如此,jí biàn rú cǐ,even so
纳税,nà shuì,pay taxes
上岗,shàng gǎng,onboarding
有法可依,yǒu fǎ kě yī,laws are for following
黑社会,hēi shè huì,organized crime
操控,cāo kòng,manipulate
自愿,zì yuàn,voluntary
性骚扰,xìng sāo rǎo,sexual harassment
严肃,yán sù,serious, grave
罪名,zuì míng,charge
法庭,fǎ tíng,court
诉诸,sù zhū,resort to
枪支,qiāng zhī,firearms
治安,zhì ān,public security
夸大,kuā dà,exaggerate
赋予,fù yǔ,endow
弹药,dàn yào,ammunition
宪法,xiàn fǎ,constitution
修正案,xiū zhèng àn,amendment
深谋远虑,shēn móu yuǎn lǜ,foresight
专制,zhuān zhì,autocracy
制约,zhì yuē,restrain
震慑,zhèn shè,intimidate
人均,rén jūn,per capita
大不相同,dà bù xiāng tóng,vastly different
答复,dá fù,reply
面谈,miàn tán,interview
许可证,xǔ kě zhèng,permit
火力,huǒ lì,firepower
射击,shè jī,shoot
步枪,bù qiāng,rifle
问清,wèn qīng,clarify
查清,chá qīng,investigate
犯罪,fàn zuì,crime
保管,bǎo guǎn,safekeep
携带,xié dài,carry
保险柜,bǎo xiǎn guì,safe
充分,chōng fèn,sufficient, full
耻辱,chǐ rǔ,shame
荣耀,róng yào,glory
罪行,zuì xíng,crime
求职,qiú zhí,job seeking
招聘,zhāo pìn,recruitment
籍贯,jí guàn,place of origin
肤色,fū sè,skin color
嫌疑,xián yí,suspicion
某,mǒu,certain
涉嫌,shè xián,suspected of
和谐,hé xié,harmony
赡养,shàn yǎng,support (older family)
冷酷无情,lěng kù wú qíng,ruthless
亲情,qīn qíng,familial love
背井离乡,bèi jǐng lí xiāng,leave home 
等同,děng tóng,equivalent
全称,quán chēng,full name
美利坚合众国,měi lì jiān hé zhòng guó,United States of America
自治,zì zhì,autonomy
税率,shuì lǜ,tax rate
州长,zhōu zhǎng,governor
听命于,tīng mìng yú,obey
任命,rèn mìng,appointment
去留,qù liú,stay or leave
视察,shì chá,inspect
市长,shì zhǎng,mayor
接待,jiē dài,reception
协会,xié huì,association
三权分立,sān quán fēn lì,separation of powers
舆论,yú lùn,public opinion
职能,zhí néng,function
充当,chōng dāng,act as
决策权,jué cè quán,decision-making power
参选,cān xuǎn,run for election
精细,jīng xì,meticulous
父母官,fù mǔ guān,local officials
限于,xiàn yú,limited to
所幸,suǒ xìng,fortunately
渠道,qú dào,channel
终将,zhōng jiāng,eventually
血统,xuè tǒng,lineage
酒驾,jiǔ jià,drunk driving
诈骗,zhà piàn,fraud
性产业,xìng chǎn yè,sex industry
疾管局,jí guǎn jú,medical department
赌场,dǔ chǎng,casino
肢体骚扰,zhī tǐ sāo rǎo,physical harassment
言语骚扰,yán yǔ sāo rǎo,verbal harassment
家暴,jiā bào,domestic violence
全素,quán sù,vegan
击剑,jī jiàn,fencing
作弊,zuò bì,cheat
蒸汽,zhēng qì,steam
更加,gèng jiā,more
便利,biàn lì,convenient
驾驶,jià shǐ,drive
先驱,xiān qū,pioneer
扩展,kuò zhǎn,expand
赐,cì,grant, bestow
有形,yǒu xíng,tangible
缩短,suō duǎn,shorten
突破,tū pò,breakthrough
国界,guó jiè,national border
无形,wú xíng,intangible
思维,sī wéi,thought
形塑,xíng sù,shape
促进,cù jìn,promote
基于,jī yú,based on
意想不到,yì xiǎng bù dào,unexpected
延缓,yán huǎn,defer
老化,lǎo huà,aging
失智症,shī zhì zhèng,dementia
心智,xīn zhì,mental
灵活,líng huó,nimble
规划,guī huà,long-term plan
优先顺序,yōu xiān shùn xù,priority
周遭,zhōu zāo,surroundings
敏锐,mǐn ruì,keen
拓展,tuò zhǎn,expand
视野,shì yě,vision
俨然,yǎn rán,indeed
无远弗届,wú yuǎn fú jiè,boundless
接轨,jiē guǐ,bring into line with
联合国,lián hé guó,United Nations
亦即,yì jí,namely
盛行,shèng xíng,prevalent, prevail
初衷,chū zhōng,original intent
扎实,zhā shí,solid
毫无留情,háo wú liú qíng,ruthless
批判,pī pàn,criticize
数理,shù lǐ,STEM
何况,hé kuàng,let alone
疏离感,shū lí gǎn,alienation
梦魇,mèng yǎn,nightmare
兼顾,jiān gù,balance
核心,hé xīn,core
起草,qǐ cǎo,(to) draft
提款机,tí kuǎn jī,ATM
账单,zhàng dān,bill
各付各的,gè fù gè de,each pays their own
行政,xíng zhèng,administrative
立法,lì fǎ,legislative
司法,sī fǎ,judicial
最高法院,zuì gāo fǎ yuàn,Supreme Court
列单,liè dān,list
中央,zhōng yāng,central government
退返,tuì fǎn,retract
负面,fù miàn,negative
正面,zhèng miàn,positive
止痛药,zhǐ tòng yào,painkiller
模式,mó shì,mode
海底捞针,hǎi dǐ lāo zhēn,needle in a haystack
强人所难,qiáng rén suǒ nán,force involuntarily
无碍,wú ài,unimpeded
辩才无碍,biàn cái wú ài,articulate
私人,sī rén,private
哑口无言,yǎ kǒu wú yán,speechless
就事论事,jiù shì lùn shì,discuss the matter at hand
感受,gǎn shòu,feelings
私密,sī mì,private
传达,chuán dá,transmit
一片空白,yī piàn kōng bái,draw a blank
点点滴滴,diǎn diǎn dī dī,every detail
细腻,xì nì,meticulous
神经大条,shén jīng dà tiáo,insensitive to detail
察言观色,chá yán guān sè,carefully observe people
察觉,chá jué,perceive
说理,shuō lǐ,rationalize
共识,gòng shí,consensus
则,zé,cause, in contrast
方案,fāng àn,scheme
理性,lǐ xìng,rational
不由自主,bù yóu zì zhǔ,involuntarily
惯性,guàn xìng,inertia
长篇大论,cháng piān dà lùn,lengthy discourse
同理心,tóng lǐ xīn,empathy
漫不经心,màn bù jīng xīn,inattentive
不守信用,bù shǒu xìn yòng,break one's word
拐弯抹角,guǎi wān mò jiǎo,beat around the bush
洞察力,dòng chá lì,foresight
直来直往,zhí lái zhí wǎng,straightforward
口是心非,kǒu shì xīn fēi,duplicity
天真,tiān zhēn,naive
语病,yǔ bìng,poor choice of words
字面,zì miàn,literal
争辩不休,zhēng biàn bù xiū,argue endlessly
微妙,wēi miào,delicate, subtle
亲身,qīn shēn,personally
共同点,gòng tóng diǎn,common ground
有色人种,yǒu sè rén zhǒng,people of color
人权,rén quán,human rights
高峰会,gāo fēng huì,summit (meeting)
朋友圈,péng yǒu quān,friend circle
抵触,dǐ chù,contradict (latter takes precedent)
违宪,wéi xiàn,unconstitutional
建国,jiàn guó,found a nation
损失,sǔn shī,opportunity cost
收获,shōu huò,harvest, dividend
演算法,yǎn suàn fǎ,algorithm
考量,kǎo liáng,consideration
退化,tuì huà,degenerate
上诉,shàng sù,appeal
部首,bù shǒu,character radical
部件,bù jiàn,character component
字根,zì gēn,root word
手语,shǒu yǔ,sign language
拐卖,guǎi mài,trafficking
仙女棒,xiān nǚ bàng,magic wand, sparkler
自在,zì zài,at ease
语系,yǔ xì,language family
套用,tào yòng,skill transfer
沉浸式,chén jìn shì,immersive
公害,gōng hài,public nuisance
当今,dāng jīn,nowadays
标志,biāo zhì,symbol
横扫,héng sǎo,sweep across
全球,quán qiú,global
铃声,líng shēng,ringtone
大哥大,dà gē dà,cellphone
拥有者,yōng yǒu zhě,owner
地位,dì wèi,status
随着,suí zhe,along with
生产,shēng chǎn,production
下降,xià jiàng,decline
逐步,zhú bù,gradually
大众化,dà zhòng huà,popularization
相当,xiāng dāng,quite
社会学,shè huì xué,sociology
以前所未,yǐ qián suǒ wèi,like never before
不得不,bù dé bù,have to
日常物品,rì cháng wù pǐn,everyday items
享有,xiǎng yǒu,enjoy
身在何方,shēn zài hé fāng,whereabouts
接打,jiē dǎ,receive and dial (calls)
满足,mǎn zú,satisfy
柄,bǐng,handle
滥用,làn yòng,abuse
引发,yǐn fā,trigger
交通事故,jiāo tōng shì gù,traffic accident
不在少数,bù zài shǎo shù,not a few
剧院,jù yuàn,theater
合议厅,hé yì tīng,council chamber
不时,bù shí,from time to time
干扰,gān rǎo,disturbance
起降,qǐ jiàng,takeoff and landing
显而易见,xiǎn ér yì jiàn,obviously
不无,bù wú,not without
讥讽,jī fěng,mockery
握,wò,grip
沦为,lún wéi,degenerate into
栓,shuān,plug
野生,yě shēng,wild
跟踪器,gēn zōng qì,tracker
消费者,xiāo fèi zhě,consumer
有线,yǒu xiàn,wired
公用,gōng yòng,public
通信,tōng xìn,communication
人手一部,rén shǒu yī bù,everyone has one (literally: in everyone's hands)
必要,bì yào,necessary
制造商,zhì zào shāng,manufacturer
不景气,bù jǐng qì,recession
大幅,dà fú,significantly
下滑,xià huá,decline
库存量,kù cún liàng,inventory level
亏损,kuī sǔn,loss
数额,shù é,amount
股票,gǔ piào,stocks
下跌,xià diē,fall
局面,jú miàn,situation
纷纷,fēn fēn,one after another
裁员,cái yuán,layoffs
发起,fā qǐ,launch
礼貌,lǐ mào,polite
举止,jǔ zhǐ,manner
间接,jiàn jiē,indirectly
势必,shì bì,inevitably
音箱,yīn xiāng,audio speaker
肾上腺素,shèn shàng xiàn sù,adrenaline
海盗,hǎi dào,pirate
老将,lǎo jiàng,veteran
不曾,bù céng,never
当初,dāng chū,outset
原先,yuán xiān,original
被迫,bèi pò,compelled
讯息,xùn xī,message
责备,zé bèi,reproach
已然,yǐ rán,already
亲密,qīn mì,intimate
心意,xīn yì,intention
责怪,zé guài,blame
胡桃,hú táo,pecan
面糊,miàn hú,batter
棉花糖,mián huā táng,cotton candy, marshmallow
握手,wò shǒu,handshake
冲,chōng,towards, at (fiercely)
危机,wéi jī,crisis
极大,jí dà,great
干预,gān yù,intervene
性别比,xìng bié bǐ,gender ratio
失衡,shī héng,imbalance
异常,yì cháng,abnormally
研讨会,yán tǎo huì,seminar
余,yú,surplus
国内外,guó nèi wài,domestic and international
呼吁,hū yù,call for
此次,cǐ cì,this time
死亡率,sǐ wáng lǜ,mortality rate
公正,gōng zhèng,fairness
待遇,dài yù,treatment
本质上,běn zhì shàng,essentially
重男轻女,zhòng nán qīng nǚ,male preference
偏好,piān hào,preference
远远,yuǎn yuǎn,far
养老保障,yǎng lǎo bǎo zhàng,pension
生产力,shēng chǎn lì,productivity
男权,nán quán,patriarchy
B超,B chāo,ultrasound
胎儿,tāi ér,fetus
鉴定,jiàn dìng,appraise
引产,yǐn chǎn,induced labor
长远,cháng yuǎn,long-term
挤压,jǐ yā,squeeze
婚嫁期,hūn jià qī,marriageable age
配偶,pèi ǒu,spouse
非婚,fēi hūn,non-marital
性需求,xìng xū qiú,sexual demands
一系列,yī xì liè,a series of
遏制,è zhì,curb
消除,xiāo chú,eliminate
树立,shù lì,establish
顺其自然,shùn qí zì rán,let nature take its course
生育观,shēng yù guān,views on reproduction
产前,chǎn qián,prenatal
处境,chǔ jìng,situation
今后,jīn hòu,from now on
计划生育,jì huà shēng yù,family planning
启动,qǐ dòng,initiate
率先,shuài xiān,take the lead
试点,shì diǎn,pilot (project)
紧锣密鼓,jǐn luó mì gǔ,intensely advertise
载体,zài tǐ,vehicle
党委,dǎng wěi,Party Committee
协调,xié tiáo,coordinate
相关,xiāng guān,associated
专项,zhuān xiàng,special
声势,shēng shì,momentum
采取措施,cǎi qǔ cuò shī,take measures
说过既往,shuō guò jì wǎng,let bygones be bygones
内向,nèi xiàng,introvert
外向,wài xiàng,extrovert
利益,lì yì,benefit
妇女,fù nǚ,women
产生,chǎn shēng,reproduction
危害,wēi hài,endangerment
忽视,hū shì,neglect
群体,qún tǐ,group
流动人口,liú dòng rén kǒu,floating population
适龄,shì líng,suitable age
前不久,qián bù jiǔ,not long ago
与会人员,yǔ huì rén yuán,attendees
伴随,bàn suí,accompany
庞大,páng dà,enormous
难点,nán diǎn,difficulty
估算,gū suàn,estimated
目前,mù qián,currently
学龄,xué líng,school age
结构,jié gòu,structure
调整,tiáo zhěng,adjust
难以,nán yǐ,difficult to
现行,xiàn xíng,current
户籍,hù jí,registered household
掌握,zhǎng wò,grasp
现况,xiàn kuàng,current situation
自行,zì xíng,by oneself
所在地,suǒ zài dì,location
流入,liú rù,influx
设施,shè shī,facilities
短缺,duǎn quē,deficiency
师资,shī zī,teaching staff
走向,zǒu xiàng,trend
全民,quán mín,all people
深切,shēn qiè,profound
排斥,pái chì,ostracize
及时,jí shí,timely
对立,duì lì,oppose
警惕,jǐng tì,vigilant
缓慢,huǎn màn,slow
身后,shēn hòu,posthumous
薄荷,bò hé,mint
恶心,ě xīn,gross
肉桂,ròu guì,cinnamon
菠萝,bō luó,pineapple
苏打粉,sù dá fěn,baking soda
山梅,shān méi,raspberry
投篮,tóu lán,shooting (basketball)
篮板球,lán bǎn qiú,rebound (basketball)
助攻,zhù gōng,assist (basketball)
撒谎,sā huǎng,lie
调皮,tiáo pí,naughty
比喻,bǐ yù,metaphor
不安,bù ān,uneasy
陷入,xiàn rù,fall into
焦躁,jiāo zào,anxious
作主,zuò zhǔ,decide
一家之主,yī jiā zhī zhǔ,head of the family
哭泣,kū qì,cry
立场,lì chǎng,stance
试图,shì tú,attempt
口号,kǒu hào,slogan
笔记本电脑,bǐ jì běn diàn nǎo,laptop
技能,jì néng,skill
空前,kōng qián,unprecedented
考验,kǎo yàn,test, trial
文字,wén zì,character, script
滑稽,huá jī,funny
识字,shí zì,literacy
同音词,tóng yīn cí,homophone
埋头,mái tóu,immerse oneself
按钮,àn niǔ,button
摁,èn,press
提笔忘字,tí bǐ wàng zì,writer's block
字形,zì xíng,shape of a character
入手,rù shǒu,start with
语音,yǔ yīn,pronunciation
笔画,bǐ huà,stroke (of Chinese character)
对外教学,duì wài jiào xué,teaching as a foreign language
分量,fèn liàng,weight
崇洋媚外,chóng yáng mèi wài,worship foreign things
未免,wèi miǎn,rather
恨不得,hèn bù dé,wish one could
夹杂,jiā zá,mix
国际化,guó jì huà,internationalization
心态,xīn tài,mentality
方方面面,fāng fāng miàn miàn,all aspects
丧失,sàng shī,lose
榜样,bǎng yàng,model example
人才外流,rén cái wài liú,brain drain
华尔街,huá ěr jiē,Wall Street
有意,yǒu yì,intentionally
一步步,yí bù bù,step by step
高薪,gāo xīn,high salary
开设,kāi shè,establish
下功夫,xià gōng fu,put in effort
购买力,gòu mǎi lì,purchasing power
增强,zēng qiáng,enhance
创意,chuàng yì,creativity
丰厚,fēng hòu,generous
反思,fǎn sī,reflect, ponder
赶时髦,gǎn shí máo,follow the trend
出于,chū yú,out of
说到底,shuō dào dǐ,ultimately
优良,yōu liáng,excellent
新意,xīn yì,novelty
品牌,pǐn pái,brand
初期,chū qī,early stage
高端,gāo duān,high-end
引进,yǐn jìn,introduce (something)
科研,kē yán,scientific research
人员,rén yuán,personnel
简化,jiǎn huà,simplify
手续,shǒu xù,procedures
宽松,kuān sōng,relaxed
俗话,sú huà,colloquialism
一大批,yí dà pī,a large number of
流失,liú shī,drain
幽微,yōu wēi,faint
疑惑,yí huò,doubt
铺床,pū chuáng,make the bed
滑坡理论,huá pō lǐ lùn,slippery slope argument
拟声词,nǐ shēng cí,onomatopoeia
分心,fēn xīn,distract
辅助,fǔ zhù,assist
冻卵,dòng luǎn,egg freezing
性功能障碍,xìng gōng néng zhàng ài,sexual dysfunction
生殖辅助,shēng zhí fǔ zhù,assisted reproduction
红枣,hóng zǎo,red date
下巴,xià ba,chin
亚马逊,yà mǎ xùn,Amazon
条码,tiáo mǎ,barcode
打断,dǎ duàn,interrupt
举手,jǔ shǒu,raise hand
答应,dā yìng,agree
争议,zhēng yì,controversy
核心家庭,hé xīn jiā tíng,nuclear family
中子,zhōng zǐ,neutron
质子,zhì zǐ,proton
嗓子,sǎng zi,throat
皱纹,zhòu wén,wrinkle
耐力,nài lì,endurance
强迫,qiáng pò,compel
灾难,zāi nàn,disaster
一流,yī liú,first-rate
紧密,jǐn mì,close
谨慎,jǐn shèn,cautious
心目,xīn mù,mind
倾听,qīng tīng,listen attentively
百货,bǎi huò,department store
蟋蟀,xī shuài,crickets
社会工作,shè huì gōng zuò,social work
描写,miáo xiě,describe
野蛮人,yě mán rén,barbarian
赤膊,chì bó,bare-chested
承受,chéng shòu,endure, bear
赔偿,péi cháng,compensation
没必要,méi bì yào,unnecessary
遭到,zāo dào,encounter
金额,jīn é,amount (of money)
凶手,xiōng shǒu,murderer
逐渐,zhú jiàn,gradually
友善,yǒu shàn,friendly
家伙,jiā huo,rascal, fellow
旅居,lǚ jū,reside (abroad)
冲击,chōng jī,impact
笼罩,lǒng zhào,shroud, envelop
体罚,tǐ fá,corporal punishment
资优生,zī yōu shēng,gifted student
笑柄,xiào bǐng,laughingstock
一路千丈,yī lù qiān zhàng,fallen (in reputation)
冠上,guàn shàng,be labeled as
衰弱,shuāi ruò,weak
破碎,pò suì,shattered
排除万难,pái chú wàn nán,overcome great difficulty
种种,zhǒng zhǒng,various
憧憬,chōng jǐng,yearn for
失落,shī luò,lost
大事小事一把抓,dà shì xiǎo shì yī bǎ zhuā,handle everything
奉献,fèng xiàn,dedicate, devote
阴影,yīn yǐng,shadow
咽,yàn,swallow
苏醒,sū xǐng,awaken
吐露,tǔ lù,reveal
抗拒,kàng jù,resist
情绪勒索,qíng xù lè suǒ,guilt-tripping
软弱,ruǎn ruò,weak
相隔两地,xiāng gé liǎng dì,long-distance, separated
下意识,xià yì shí,subconscious
避而不谈,bì ér bù tán,avoid the topic
一体两面,yī tǐ liǎng miàn,two sides of the same coin
怪罪,guài zuì,blame
安抚,ān fǔ,appease
冲撞,chōng zhuàng,collide
暴怒,bào nù,rage
教养,jiào yǎng,upbringing
力不从心,lì bù cóng xīn,beyond one's ability
堆叠,duī dié,pile up
爆发,bào fā,outbreak
和解,hé jiě,reconcile
鼻酸,bí suān,teary-eyed
市井小民,shì jǐng xiǎo mín,ordinary people
格外,gé wài,particularly
击中,jī zhòng,hit (the mark)
余韵,yú yùn,aftertaste
特区,tè qū,special administrative region
至今,zhì jīn,until now
化身,huà shēn,transform
全面,quán miàn,comprehensive
生效,shēng xiào,take effect
陆续,lù xù,successively
较为,jiào wéi,relatively
抱持,bào chí,hold (an opinion)
伦理,lún lǐ,moral principles
运作,yùn zuò,operation
稳固,wěn gù,stable
前提,qián tí,precondition
明智,míng zhì,wise
一夫一妻,yī fū yī qī,monogamy
混乱,hùn luàn,chaos
近亲,jìn qīn,close relatives
瓦解,wǎ jiě,disintegrate
巩固,gǒng gù,consolidate
人工,rén gōng,artificial
剥夺,bō duó,deprive
照料,zhào liào,take care of (large responsibilities)
差强人意,chā qiáng rén yì,merely passable
首要,shǒu yào,primary
福祉,fú zhǐ,well-being
主流,zhǔ liú,mainstream
氛围,fēn wéi,atmosphere
异见,yì jiàn,dissent
压制,yā zhì,suppress
逆向,nì xiàng,reverse
身为,shēn wéi,status
斑马线,bān mǎ xiàn,crosswalk
打卡,dǎ kǎ,punch in (at work, social media)
接纳,jiē nà,accept, adopt
和平,hé píng,peace
当面,dāng miàn,face-to-face
公权力,gōng quán lì,public authority
民意,mín yì,public opinion
头等舱,tóu děng cāng,first-class seating
商务舱,shāng wù cāng,business-class seating
监视,jiān shì,surveil
读空气,dú kōng qì,read the room
二分法,èr fēn fǎ,dichotomy
失约,shī yuē,flake (on a meeting)
说过即忘,shuō guò jí wàng,in one ear out the other
查找,chá zhǎo,search
观察,guān chá,observe
提名,tí míng,nominate
入围,rù wéi,shortlisted
亲子关系,qīn zǐ guān xì,parent-child relationship
原子弹,yuán zǐ dàn,atomic bomb
影展,yǐng zhǎn,film festival
时空,shí kōng,time and space
制服,zhì fú,uniform (clothing)
尽管,jǐn guǎn,don't hesitate to
上课表现,shàng kè biǎo xiàn,class participation score
要好,yào hǎo,become friends
网咖,wǎng kā,internet cafe
刺青,cì qīng,tattoo
草莓族,cǎo méi zú,fragile under pressure
希腊,xī là,Greece
队友,duì yǒu,teammate
依赖,yī lài,rely on
叛逆,pàn nì,rebellious
以身作则,yǐ shēn zuò zé,lead by example
自卑,zì bēi,inferiority complex
牙套,yá tào,(dental) braces 
上下文,shàng xià wén,context
中性,zhōng xìng,androgynous
一再,yī zài,repeatedly
性事,xìng shì,sexual matters
顶嘴,dǐng zuǐ,talk back
政党,zhèng dǎng,political party
商机,shāng jī,business opportunity
一夜变色,yī yè biàn sè,turn for the worse overnight
川普,Chuān Pǔ,Trump
拜登,Bài Dēng,Biden
奥巴马,Ào Bā mǎ,Obama
乌克兰,Wū kè lán,Ukraine
摇摆州,yáo bǎi zhōu,swing state
副总统,fù zǒng tǒng,vice president
票房,piào fáng,box office
罪孽,zuì niè,sin
开国元老,kāi guó yuán lǎo,founding elder
房市危机,fáng shì wēi jī,housing market crisis
贬值,biǎn zhí,depreciation
膨胀,péng zhàng,inflation
感性,gǎn xìng,emotional
教义,jiào yì,doctrine
回教,huí jiào,Islam
可兰经,kě lán jīng,Quran
旧约,jiù yuē,Old Testament
五伦,wǔ lún,Five Relationships (Confucian ethics)
君臣,jūn chén,ruler and subject
父子,fù zǐ,father and son
夫妇,fū fù,husband and wife
不伦恋,bù lún liàn,unethical relationships
乱伦,luàn lún,incest
合约,hé yuē,contract
数量,shù liàng,quantity
复制人,fù zhì rén,clone
单亲妈妈,dān qīn mā mā,single mother
遗弃,yí qì,abandon
保龄球,bǎo líng qiú,bowling
信心,xìn xīn,confidence
劳力,láo lì,labor
一胎化,yī tāi huà,one-child policy
劳动力,láo dòng lì,labor force
抵制,dǐ zhì,boycott
谴责,qiǎn zé,condemn
小三,xiǎo sān,mistress
现成,xiàn chéng,ready-made
基本权利,jī běn quán lì,basic rights
死刑,sǐ xíng,death penalty
杀害,shā hài,murder
黑心,hēi xīn,without conscience
案件,àn jiàn,legal case
有期徒刑,yǒu qī tú xíng,fixed-term imprisonment
无期徒刑,wú qī tú xíng,life imprisonment
死者,sǐ zhě,deceased
弥补,mí bǔ,compensate
家属,jiā shǔ,family member
犯人,fàn rén,criminal
出狱,chū yù,release from prison
废除,fèi chú,abolish
漫漫长路,màn màn cháng lù,long road
刑罚,xíng fá,punishment
可贵,kě guì,valuable
杀人偿命,shā rén cháng mìng,an eye for an eye
毁,huǐ,ruin
报复,bào fù,retaliation
无济于事,wú jì yú shì,to no avail
推动,tuī dòng,promote
心力,xīn lì,effort
枪决,qiāng jué,execution by firing squad
充足,chōng zú,sufficient
失误,shī wù,mistake
无价,wú jià,priceless
改过自新,gǎi guò zì xīn,rehabilitation
假释,jiǎ shì,parole
惩罚,chéng fá,punishment
吓阻,xià zǔ,deter
孤儿,gū ér,orphan
置身事外,zhì shēn shì wài,sit on the sidelines
放下,fàng xià,forgive
感同身受,gǎn tóng shēn shòu,empathize
潮流,cháo liú,trend
唯有,wéi yǒu,only by
打造,dǎ zào,implement
奶酪,nǎi lào,cheese
肺,fèi,lung
喉舌,hóu shé,vocal cords
蜘蛛,zhī zhū,spider
留疤,liú bā,scar
渣男,zhā nán,scumbag
乌龟,wū guī,turtle
头盔,tóu kuī,helmet
刹车,shā chē,brake
铲子,chǎn zi,shovel
叹气,tàn qì,sigh
许诺,xǔ nuò,promise
诞生,dàn shēng,be born
骨头,gǔ tóu,bone
骨骼,gǔ gé,skeleton
颅骨,lú gǔ,skull
头骨,tóu gǔ,cranium
软骨,ruǎn gǔ,cartilage
汤匙,tāng chí,tablespoon
茶匙,chá chí,teaspoon
钥匙,yào shí,key
围巾,wéi jīn,scarf
欧盟,ōu méng,European Union
残忍,cán rěn,cruel
遭遇,zāo yù,encounter; experience
原谅,yuán liàng,forgive
稍微,shāo wēi,slightly
灭火,miè huǒ,put out a fire
惹,rě,provoke
童年,tóng nián,childhood
厨师,chú shī,chef
爵士乐,jué shì yuè,jazz music
猎人,liè rén,hunter
桑叶,sāng yè,mulberry leaf
鲍鱼,bào yú,abalone
浴缸,yù gāng,bathtub
凌晨,líng chén,between midnight to dawn
植物,zhí wù,plant
榨汁,zhà zhī,to juice
门牙,mén yá,incisor, front tooth
犬齿,quǎn chǐ,canine tooth
臼齿,jiù chǐ,molar
耶稣,yē sū,Jesus
泥土,ní tǔ,mud
蜜蜂,mì fēng,bee
地震,dì zhèn,earthquake
涂,tú,smear, apply
氧气,yǎng qì,oxygen
氧化,yǎng huà,oxidation
炉子,lú zi,stove
膝盖,xī gài,knee
橄榄,gǎn lǎn,olive
篱笆,lí bā,fence
熬夜,áo yè,stay up late, burn midnight oil
吸尘器,xī chén qì,vacuum cleaner
发炎,fā yán,inflammation, infection
蟑螂,zhāng láng,cockroach
卧室,wò shì,bedroom
低音提琴,dī yīn tí qín,double bass
大提琴,dà tí qín,cello
流星雨,liú xīng yǔ,meteor shower
赞同,zàn tóng,agree
懦夫,nuò fū,coward
成效,chéng xiào,effectiveness
优渥,yōu wò,well-off
定期,dìng qī,regularly occurring
涂鸦,tú yā,graffiti
威慑,wēi shè,deterrence
核武器,hé wǔ qì,nuclear weapon
聚变,jù biàn,fusion
裂变,liè biàn,fission
奢华,shē huá,luxurious
胳膊,gē bo,arm
污名,wū míng,stigma
内战,nèi zhàn,civil war
冷战,lěng zhàn,Cold War
沸点,fèi diǎn,boiling point
重新整理,chóng xīn zhěng lǐ,refresh (the page)
退款,tuì kuǎn,refund
乘务员,chéng wù yuán,attendant (eg flight attendant)
顺便,shùn biàn,by the way; conveniently
维修公司,wéi xiū gōng sī,repair company
家电,jiā diàn,home appliance
租房合同,zū fáng hé tóng,rental agreement, lease
差评,chà píng,negative review
灵性,líng xìng,spirituality
复活,fù huó,resurrection
寺庙,sì miào,temple
大规模,dà guī mó,large-scale
在意,zài yì,care about
供奉,gòng fèng,offer sacrifices to; enshrine
成家立业,chéng jiā lì yè,get married and start a career
团圆,tuán yuán,reunion
通用,tōng yòng,commonly used
历法,lì fǎ,calendar
公历,gōng lì,Gregorian calendar
西元,xī yuán,Common Era (CE)
各不相同,gè bù xiāng tóng,nothing in common
出入,chū rù,discrepancy
相提并论,xiāng tí bìng lùn,mention in the same breath
顺口溜儿,shùn kǒu liūr,jingle
说唱,shuō chàng,rap
概括,gài kuò,summarize
发表,fā biǎo,publish, express
含义,hán yì,connotation
押韵,yā yùn,rhyme
打击,dǎ jī,crack down on
好色,hào sè,lustful
通奸,tōng jiān,adultery
生动,shēng dòng,vivid
风气,fēng qì,atmosphere, zeitgeist
注重,zhù zhòng,emphasize
分配,fēn pèi,allocate
面貌,miàn mào,appearance
引用,yǐn yòng,quote, cite
变味儿,biàn wèi er,distorted
不择手段,bù zé shǒu duàn,by hook or by crook
冒犯,mào fàn,offend
尺度,chǐ dù,standard, tolerance, limitation
政治正确,zhèng zhì zhèng què,political correctness
争取,zhēng qǔ,strive for
辩护律师,biàn hù lǜ shī,defense lawyer
撒娇,sā jiāo,childish, spoiled, pleading
携带型,xié dài xíng,portable
多半,duō bàn,most
多达,duō dá,up to
配额,pèi é,quota
预期,yù qī,anticipate
养父母,yǎng fù mǔ,adoptive parents
协助,xié zhù,assist
种族主义,zhǒng zú zhǔ yì,racism
将近,jiāng jìn,nearly
孤儿院,gū ér yuàn,orphanage
团体,tuán tǐ,group
断裂,duàn liè,fracture
零星,líng xīng,sporadic
预先,yù xiān,in advance
挫折,cuò zhé,setback, frustration
事前,shì qián,beforehand
评估,píng gū,evaluate
抚养,fǔ yǎng,foster, raise
筛检,shāi jiǎn,screening
数目,shù mù,number
延长,yán cháng,prolong
施压,shī yā,put pressure on
族裔,zú yì,ethnicity, tribe
报导,bào dǎo,report
言论自由,yán lùn zì yóu,freedom of speech
压迫,yā pò,oppression
冠冕堂皇,guān miǎn táng huáng,hoity-toity
义正词严,yì zhèng cí yán,righteous
恐怖袭击,kǒng bù xí jī,terrorist attack
恐怖分子,kǒng bù fèn zǐ,terrorist
震惊,zhèn jīng,shock
高涨,gāo zhǎng,surge
飘扬,piāo yáng,flutter
参议院,cān yì yuàn,senate
众口一词,zhòng kǒu yī cí,unanimously
分子,fèn zǐ,member (of a group), element, molecule
人道,rén dào,humane
毫无疑问,háo wú yí wèn,without a doubt
团结,tuán jié,unite
座谈,zuò tán,symposium, town hall
节目,jié mù,program (schedule)
得体,dé tǐ,appropriate, politically correct
主持人,zhǔ chí rén,host, emcee
劫持,jié chí,hijack
撤回,chè huí,withdraw, recall
谨言慎行,jǐn yán shèn xíng,walk on eggshells
质问,zhì wèn,interrogate
约束,yuē shù,restrain
议题,yì tí,topic of discussion
固然,gù rán,admittedly
下岗,xià gǎng,lay off
职工,zhí gōng,staff, workers
定义,dìng yì,definition
附庸,fù yōng,vassal, appendage
艰辛,jiān xīn,hardship
虚幻,xū huàn,illusion
群众,qún zhòng,masses, crowd
一致,yī zhì,unanimously, consistent
胸襟,xiōng jīn,breadth of mind
胆子,dǎn zi,courage
孤立,gū lì,isolate
标榜,biāo bǎng,flaunt
完善,wán shàn,perfect
效法,xiào fǎ,emulate
可取,kě qǔ,desirable
不然,bù rán,not so
本领,běn lǐng,skill, ability
休想,xiū xiǎng,daren't think
候选人,hòu xuǎn rén,candidate (for election)
捐助,juān zhù,donate
捐款,juān kuǎn,donation
竞赛,jìng sài,competition
每逢,měi féng,whenever
无非是,wú fēi shì,nothing but
抬高,tái gāo,elevate
绅士,shēn shì,gentleman
风度,fēng dù,demeanor
揭疮疤,jiē chuāng bā,touch a sore spot
粗话,cū huà,vulgar language
暗杀,àn shā,assassinate
行刺,xíng cì,attempt to assassinate
选民,xuǎn mín,voter
恐吓,kǒng hè,intimidate
做手脚,zuò shǒu jiǎo,rig (a game or election)
高明,gāo míng,brilliant
能干,néng gàn,capable
甜言蜜语,tián yán mì yǔ,sugarcoated
空头支票,kōng tóu zhī piào,empty promises, bounced check
选票,xuǎn piào,ballot
抛在脑后,pāo zài nǎo hòu,forget about
授权,shòu quán,authorize
谋取,móu qǔ,seek
自闭症,zì bì zhèng,autism
支援,zhī yuán,support
情感,qíng gǎn,emotion
合影,hé yǐng,group photo
祝福,zhù fú,bless
祖国,zǔ guó,motherland
拾金不昧,shí jīn bù mèi,return lost property to its owner
环卫工人,huán wèi gōng rén,sanitation worker
央视,yāng shì,CCTV (China Central Television)
出动,chū dòng,mobilize
救灾,jiù zāi,disaster relief
情形,qíng xíng,situation
士兵,shì bīng,soldier
湿透,shī tòu,soaked
对待,duì dài,treat
煽情,shān qíng,sentimental
真实性,zhēn shí xìng,authenticity
客观性,kè guān xìng,objectivity
曝光,bào guāng,exposure
案例,àn lì,case
公共事务,gōng gòng shì wù,public affairs
海豚,hǎi tún,dolphin
鲸鱼,jīng yú,whale
度假,dù jià,vacation
半导体,bàn dǎo tǐ,semiconductor
矿物,kuàng wù,mineral
食材,shí cái,ingredient
料理,liào lǐ,cuisine
吃腻,chī nì,get tired of eating
问卷,wèn juàn,questionnaire
台词,tái cí,line (in performance)
棘手,jí shǒu,tricky
耿耿于怀,gěng gěng yú huái,hold a grudge
家教,jiā jiào,tutor
光鲜亮丽,guāng xiān liàng lì,glamorous
身兼数职,shēn jiān shù zhí,wear many hats
匿名,nì míng,anonymous
心里自赏,xīn lǐ zì shǎng,self-appreciation
制止,zhì zhǐ,stop
二维码,èr wéi mǎ,QR code
亲密无间,qīn mì wú jiàn,close relationship
改编,gǎi biān,adapt
年幼,nián yòu,young
轮流,lún liú,take turns
纽带,niǔ dài,bond
人贩子,rén fàn zi,human trafficker
下落不明,xià luò bù míng,missing
企图,qǐ tú,attempt
结识,jié shí,get to know
失散,shī sàn,separated
守寡,shǒu guǎ,widow
生育,shēng yù,give birth
生前,shēng qián,during one's lifetime
知情,zhī qíng,informed
福利院,fú lì yuàn,welfare institution
出人意料,chū rén yì liào,unexpected
孤独,gū dú,lonely
传宗接代,chuán zōng jiē dài,carry on the family line
猖獗,chāng jué,rampant
屡禁不止,lǚ jìn bù zhǐ,repeatedly prohibited but still occur
有利可图,yǒu lì kě tú,profitable
虐待,nüè dài,abuse
阻碍,zǔ ài,hinder
不可替代,bù kě tì dài,irreplaceable
触动,chù dòng,touch
震撼,zhèn hàn,shock
妥善,tuǒ shàn,properly
薄,báo,thin
拜托,bài tuō,pretty please
攀岩,pān yán,rock climbing
节制,jié zhì,moderation
预制,yù zhì,pre-prepared
天主教,tiān zhǔ jiào,Catholicism
分支,fēn zhī,branch
繁复,fán fù,complex
光线,guāng xiàn,light (rays)
应激反应,yìng jī fǎn yìng,stress response
对手,duì shǒu,opponent
五脏,wǔ zàng,internal organs
捣乱,dǎo luàn,meddle
纪录片,jì lù piàn,documentary
影评,yǐng píng,film review
制作人,zhì zuò rén,producer
执导,zhí dǎo,direct
网络暴力,wǎng luò bào lì,cyberbullying
婚外关系,hūn wài guān xì,extramarital affair
羞辱,xiū rǔ,humiliate
散布,sàn bù,spread (information)
谣言,yáo yán,rumor
证实,zhèng shí,confirm
传闻,chuán wén,hearsay
恶毒,è dú,malicious
忍受,rěn shòu,endure
低估,dī gū,underestimate
摆脱,bǎi tuō,get rid of
发泄,fā xiè,vent
点击量,diǎn jī liàng,click rate
真诚,zhēn chéng,sincere
料到,liào dào,foresee
正常,zhèng cháng,normal
许可,xǔ kě,permission
悲剧,bēi jù,tragedy
艰巨,jiān jù,arduous
频繁,pín fán,frequent
轻轨,qīng guǐ,light rail
鞠躬,jū gōng,bow (to someone)
仙人掌,xiān rén zhǎng,cactus
神情,shén qíng,expression
疲惫,pí bèi,exhausted
皱巴巴,zhòu bā bā,crumpled
领带,lǐng dài,necktie
联络员,lián luò yuán,liaison
北约,Běi yuē,NATO
情报,qíng bào,intelligence
纳米,nà mǐ,nano
玩意,wán yì,gadget
调侃,tiáo kǎn,tease
鱼鳞,yú lín,fish scale
丛书,cóng shū,book series
科幻,kē huàn,sci-fi
基石,jī shí,cornerstone
术语,shù yǔ,terminology
寻常,xún cháng,ordinary
迷惑,mí huò,perplexed
不止,bù zhǐ,more than
印证,yìn zhèng,corroborate
开场白,kāi chǎng bái,opening remarks
烟灰缸,yān huī gāng,ashtray
对等,duì děng,equivalent
犀利,xī lì,sharp
珍惜,zhēn xī,cherish
常规,cháng guī,routine
机械,jī xiè,mechanical
梦呓,mèng yì,sleep talk
落地窗,luò dì chuāng,floor-to-ceiling window
仓促,cāng cù,hasty
前沿,qián yán,frontier
锁定,suǒ dìng,lock
潜意识,qián yì shí,subconscious
金属,jīn shǔ,metal
制冷剂,zhì lěng jì,refrigerant
纤细,xiān xì,slender
淹没,yān mò,submerge
施工,shī gōng,construction
顶棚,dǐng péng,ceiling
粗糙,cū cāo,rough
分布,fēn bù,distribution
夕阳,xī yáng,sunset
脖颈,bó jǐng,neck
狂暴,kuáng bào,violent
废墟,fèi xū,ruins
娇柔,jiāo róu,delicate
陪同,péi tóng,accompany
验证,yàn zhèng,verify
清澈,qīng chè,clear
得意,dé yì,proud
荒凉,huāng liáng,desolate
山谷,shān gǔ,valley
枯木,kū mù,withered wood
萦绕,yíng rào,linger
惊奇,jīng qí,surprised
依次,yī cì,in turn
空旷,kōng kuàng,spacious
晴天霹雳,qíng tiān pī lì,bolt from the blue
刹那,chà nà,instant
幻灯,huàn dēng,slide
浮现,fú xiàn,emerge
促使,cù shǐ,prompt
附加,fù jiā,additional
沉默,chén mò,silent
递给,dì gěi,hand over
不规则,bù guī zé,irregular
茫然,máng rán,perplexed
四顾,sì gù,look around
松散,sōng sǎn,loose
宗旨,zōng zhǐ,aim
途径,tú jìng,pathway
局限,jú xiàn,limitation
精度,jīng dù,precision
邪教,xié jiào,cult
哑巴,yǎ bā,mute
克制,kè zhì,restrain
消遣,xiāo qiǎn,pastime
新颖,xīn yǐng,novel
开阔,kāi kuò,open
谢绝,xiè jué,decline
极其,jí qí,extremely
唐突,táng tū,abrupt
推托,tuī tuō,shirk, evade
麻雀虽小五脏俱全,má què suī xiǎo wǔ zàng jù quán,small but complete
颠倒是非,diān dǎo shì fēi,invert right and wrong
英姿飒爽,yīng zī sà shuǎng,valiant
综上所述,zōng shàng suǒ shù,in summary
不堪回首,bù kān huí shǒu,unbearable to recall
吃喝玩乐,chī hē wán lè,indulge
九霄云外,jiǔ xiāo yún wài,out of this world
黯然失色,àn rán shī sè,pale in comparison
起早贪黑,qǐ zǎo tān hēi,from dawn to dusk
颐指气使,yí zhǐ qì shǐ,lord it over others
寂然无声,jì rán wú shēng,silent as the grave
惊弓之鸟,jīng gōng zhī niǎo,scaredy-cat
山清水秀,shān qīng shuǐ xiù,picturesque
破镜重圆,pò jìng chóng yuán,mend relations
囫囵吞枣,hú lún tūn zǎo,take in without digesting
坐享其成,zuò xiǎng qí chéng,reap where one has not sown
峰回路转,fēng huí lù zhuǎn,turn of events
万代千秋,wàn dài qiān qiū,for generations to come
五大三粗,wǔ dà sān cū,big and burly
一脸横肉,yī liǎn héng ròu,fierce-looking
粗声大嗓,cū shēng dà sǎng,coarse voice
直呼其名,zhí hū qí míng,address disrespectfully
劣迹斑斑,liè jì bān bān,notorious
打得火热,dǎ de huǒ rè,hit it off
闭月羞花,bì yuè xiū huā,beautiful
来龙去脉,lái lóng qù mài,sequence of events
戴罪立功,dài zuì lì gōng,right past wrongs
歪门邪道,wāi mén xié dào,crooked ways
心不在焉,xīn bù zài yān,absent-minded
和颜悦色,hé yán yuè sè,amiable
论资排辈,lùn zī pái bèi,seniority
沧海桑田,cāng hǎi sāng tián,changing over time
闻名于世,wén míng yú shì,world-renowned
天马行空,tiān mǎ xíng kōng,unrestrained
如履薄冰,rú lǚ bó bīng,walking on thin ice
寸步难行,cùn bù nán xíng,unable to proceed
薰衣草,xūn yī cǎo,lavender
笑眯眯,xiào mī mī,smily
愣神,lèng shén,to be lost in thought
压根,yà gēn,from the start
书呆子,shū dāi zi,bookworm
短见,duǎn jiàn,shortsighted
轻蔑,qīng miè,disdain
仰慕,yǎng mù,to admire
仰头,yǎng tóu,to look up
忽悠,hū yōu,to trick
招牌式,zhāo pái shì,signature, characteristic
鉴别,jiàn bié,to distinguish
正比,zhèng bǐ,direct proportion
喝斥,hè chì,to scold
不见得,bú jiàn dé,not necessarily
机灵,jī líng,clever
瞄一眼,miáo yì yǎn,to glance
愚蠢,yú chǔn,stupid
无知,wú zhī,ignorant
狞笑níng xiào,a grim smile,
明媚,míng mèi,bright and beautiful
变故,biàn gù,unforeseen event
偶尔,ǒu ěr,occasionally
石器时代,shí qì shí dài,Stone Age
打听,dǎ tīng,to inquire
崭新,zhǎn xīn,brand new
居室,jū shì,living room
四下,sì xià,all around
打量,dǎ liang,to size up
陈设,chén shè,furnishing
台球,tái qiú,billiards
显眼,xiǎn yǎn,eye-catching
对视,duì shì,to look at each other
思绪,sī xù,thoughts
解脱,jiě tuō,to free oneself
吃力,chī lì,strenuous
笨拙,bèn zhuō,clumsy
心迹,xīn jì,one's true feelings
粒子,lì zǐ,particle
厘米,lí mǐ,centimeter
球杆,qiú gān,cue stick
喘气,chuǎn qì,to gasp for breath
难以置信,nán yǐ zhì xìn,hard to believe
参照系,cān zhào xì,reference frame
向量,xiàng liàng,vector
动量,dòng liàng,momentum
撂挑子,liào tiāo zi,quit a job
定律,dìng lǜ,law (scientific)
迄今,qì jīn,so far
副产品,fù chǎn pǐn,by-product
太阳系,tài yáng xì,solar system
数量级,shù liàng jí,order of magnitude
慌张,huāng zhāng,flustered
微观,wēi guān,microscopic
物质,wù zhì,matter
推论,tuī lùn,inference
灿烂,càn làn,brilliant
建树,jiàn shù,contribution
深渊,shēn yuān,abyss
告辞,gào cí,to take leave
人迹罕至,rén jì hǎn zhì,desolate
荒野,huāng yě,wilderness
钻探,zuān tàn,drilling
水泥,shuǐ ní,cement
缝隙,fèng xì,crevice
胶片,jiāo piàn,film
捕捉,bǔ zhuō,to capture
异样,yì yàng,unusual
凝重,níng zhòng,somber
晨曦,chén xī,dawn
朋克,péng kè,punk
大厦,dà shà,building
巍峨,wēi é,majestic
闪烁,shǎn shuò,twinkling
苍穹,cāng qióng,sky
靶子,bǎ zi,target
二维,èr wéi,two-dimensional
三维,sān wéi,three-dimensional
摇晃,yáo huàng,to sway
往常,wǎng cháng,usual
狭窄,xiá zhǎi,narrow
壁橱,bì chú,closet
卓绝,zhuó jué,outstanding
贵族,guì zú,noble
数码,shù mǎ,digital
诡异,guǐ yì,bizarre
脊背,jǐ bèi,back
斑驳,bān bó,tarnished
竖琴,shù qín,harp
竖直,shù zhí,vertical
弯曲,wān qū,curved
起初,qǐ chū,at first
间隔,jiàn gé,interval
反向,fǎn xiàng,reverse
流逝,liú shì,passage
精确,jīng què,precise
倒计时,dào jì shí,countdown
剩余,shèng yú,remaining
幽灵,yōu líng,ghost
惊诧,jīng chà,astonished
乏味,fá wèi,dull
老古董,lǎo gǔ dǒng,old-fashioned
对准,duì zhǔn,aim at
幻象,huàn xiàng,illusion
不由,bù yóu,involuntarily
战栗,zhàn lì,tremble
细致,xì zhì,meticulous
委员会,wěi yuán huì,committee
飞虫,fēi chóng,gnat
床单,chuáng dān,bedsheet
意识流,yì shí liú,stream of consciousness
快门,kuài mén,shutter
咔嚓,kā chā,click
扳机,bān jī,trigger
手柄,shǒu bǐng,handle
像素,xiàng sù,pixel
颤抖,chàn dǒu,tremble
洒水机,sǎ shuǐ jī,sprinkler
湿漉漉,shī lù lù,wet
浸湿,jìn shī,soaked
卸载,xiè zǎi,uninstall  
联想,lián xiǎng,associate  
瞄准,miáo zhǔn,aim  
射线,shè xiàn,ray  
边缘,biān yuán,edge  
涌动,yǒng dòng,surge  
液晶屏,yè jīng píng,LCD screen  
迟早,chí zǎo,sooner or later  
同步,tóng bù,sync  
绝望,jué wàng,despair  
挣脱,zhèng tuō,break free  
直觉,zhí jué,intuition  
活跃,huó yuè,active  
拨打,bō dǎ,dial  
别墅,bié shù,villa  
稀疏,xī shū,sparse  
锤子,chuí zi,hammer  
痕迹,hén jì,trace  
敦厚,dūn hòu,honest and sincere  
瞥见,piē jiàn,catch a glimpse  
模拟,mó nǐ,simulate  
逼真,bī zhēn,lifelike  
界面,jiè miàn,interface  
瘦削,shòu xuē,gaunt  
空洞,kōng dòng,hollow  
兑现,duì xiàn,fulfill  
乌托邦,wū tuō bāng,utopia  
细胞,xì bāo,cell  
耗尽,hào jìn,exhaust  
机体,jī tǐ,organism  
养分,yǎng fèn,nutrient  
化石,huà shí,fossil  
身躯,shēn qū,body  
外勤,wài qín,field work  
恒定,héng dìng,constant  
预料,yù liào,expect  
悬浮,xuán fú,suspend  
撕咬,sī yǎo,bite  
坚定,jiān dìng,firm  
黯淡,àn dàn,dim  
光晕,guāng yùn,halo  
烧灼,shāo zhuó,burn  
绒毛,róng máo,fuzz  
水银,shuǐ yín,mercury  
揉搓,róu cuō,rub  
莫名,mò míng,inexplicable  
显现,xiǎn xiàn,appear  
窒息,zhì xī,suffocate  
惊叫,jīng jiào,scream  
恐慌发作,kǒng huāng fā zuò,panic attack  
镇定,zhèn dìng,calm  
照耀,zhào yào,shine  
艰难,jiān nán,difficult  
调节,tiáo jié,adjust  
隐没,yǐn mò,hide  
处方,chǔ fāng,prescription  
混浊,hùn zhuó,turbid  
要紧,yào jǐn,important  
蝌蚪,kē dǒu,tadpole  
透支,tòu zhī,overdraft  
请教,qǐng jiào,ask for advice  
航天员,háng tiān yuán,astronaut  
剧烈,jù liè,intense  
闪耀,shǎn yào,sparkle  
视网膜,shì wǎng mó,retina  
恍惚,huǎng hū,in a trance  
鬼魂,guǐ hún,ghost  
迷离,mí lí,bewildered  
汇集,huì jí,gather  
砌砖,qì zhuān,bricklaying  
垒砌,lěi qì,stacking  
耗费,hào fèi,consume  
量产,liàng chǎn,mass production  
天文学,tiān wén xué,astronomy  
催化,cuī huà,catalysis  
合成,hé chéng,synthesis  
阶段性,jiē duàn xìng,phased  
故障,gù zhàng,malfunction  
传感器,chuán gǎn qì,sensor  
灵敏度,líng mǐn dù,sensitivity  
误差率,wù chā lǜ,error rate  
子宫,zǐ gōng,uterus  
外围,wài wéi,peripheral  
屈服,qū fú,surrender  
旋即,xuán jí,immediately  
命令,mìng lìng,command  
命令行,mìng lìng háng,command line  
覆盖,fù gài,cover  
挣扎,zhēng zhá,struggle  
恶性循环,è xìng xún huán,vicious cycle  
圈套,quān tào,trap  
全息,quán xī,holographic  
莫尔斯,mò ěr sī,Morse  
辐射,fú shè,radiation  
倾诉,qīng sù,pour out (one's heart)
雅趣,yǎ qù,refined taste
空荡荡,kōng dàng dàng,empty  
输出,shū chū,output  
不可思议,bù kě sī yì,incredible  
浏览器,liú lǎn qì,browser  
黎明,lí míng,dawn  
褐色,hè sè,brown  
地平线,dì píng xiàn,horizon  
曙光,shǔ guāng,first light  
其余,qí yú,the rest  
尘埃,chén āi,dust  
依旧,yī jiù,still  
逼人,bī rén,compelling  
剪影,jiǎn yǐng,silhouette  
披肩,pī jiān,shawl  
破烂,pò làn,ragged  
长袍,cháng páo,robes  
裹脚,guǒ jiǎo,foot-binding  
肮脏,āng zāng,filthy  
青铜,qīng tóng,bronze  
眸子,móu zi,pupils  
附和,fù hè,echo  
追随者,zhuī suí zhě,follower  
酥脆,sū cuì,crispy  
沙漏,shā lòu,hourglass  
颠倒,diān dǎo,overturn
日晷,rì guǐ,sundial  
相觑,xiāng qù,look at each other  
乱纪,luàn jì,break rules  
哀鸣,āi míng,lament  
注销,zhù xiāo,cancel  
冒充,mào chōng,impersonate  
不屑,bù xiè,scorn  
纪元,jì yuán,era  
哼唧,hēng jī,whimper  
黄昏,huáng hūn,dusk  
哆嗦,duō suo,shiver  
断然,duàn rán,firmly  
白昼,bái zhòu,daytime  
弧形,hú xíng,arc  
拔剑,bá jiàn,draw a sword  
拔草,bá cǎo,pull weeds  
砍柴,kǎn chái,chop firewood  
篝火,gōu huǒ,bonfire  
直径,zhí jìng,diameter
跋涉,bá shè,trek
捏造,niē zào,fabricate
单摆,dān bǎi,simple pendulum
吊唁,diào yàn,condolences
驱动,qū dòng,drive
盔甲,kuī jiǎ,armor
齐全,qí quán,complete
着迷,zhuó mí,fascinated
宫殿,gōng diàn,palace
徘徊,pái huái,wander
火炬,huǒ jù,torch
苍白,cāng bái,pale
响尾蛇,xiǎng wěi shé,rattlesnake
乖戾,guāi lì,perverse
催眠,cuī mián,hypnotize
打盹,dǎ dǔn,nap
硕大,shuò dà,huge
鼎足,dǐng zú,tripod
宴会,yàn huì,banquet
巫术,wū shù,witchcraft
目眩,mù xuàn,dizzy
打卦,dǎ guà,cast divination
变卦,biàn guà,break one's word
占卜,zhān bǔ,divination
盘腿,pán tuǐ,sit cross-legged
厚薄,hòu báo,thickness
寂静,jì jìng,silence
轰隆,hōng lōng,rumble
紊乱,wěn luàn,chaos
吻合,wěn hé,match
丰碑,fēng bēi,monument
嗅觉,xiù jué,sense of smell
喜怒无常,xǐ nù wú cháng,mood swings
宽打窄用,kuān dǎ zhǎi yòng,budget generously and spend judiciously
高耸入云,gāo sǒng rù yún,brushing the sky
炯炯有神,jiǒng jiǒng yǒu shén,bright-eyed
大汗淋漓,dà hàn lín lí,dripping with sweat
心旷神怡,xīn kuàng shén yí,at peace
遮天蔽日,zhē tiān bì rì,blot out the sun
大发雷霆,dà fā léi tíng,fly off the handle
疲惫不堪,pí bèi bù kān,dead tired
小心翼翼,xiǎo xīn yì yì,with kid gloves
不计其数,bù jì qí shù,too many to count
肉包子打狗,ròu bāo zi dǎ gǒu,lost cause
高深莫测,gāo shēn mò cè,unfathomable
变幻莫测,biàn huàn mò cè,a roll of the dice
夕阳西下,xī yáng xī xià,the sun sets in the west
哀婉动人,āi wǎn dòng rén,heart-wrenching
自以为是,zì yǐ wéi shì,think they know everything
轻而易举,qīng ér yì jǔ,easy as pie
同归于尽,tóng guī yú jìn,go down together
不可理喻,bù kě lǐ yù,unreasonable
迫不及待,pò bù jí dài,can't wait
不知所措,bù zhī suǒ cuò,at a loss
习以为常,xí yǐ wéi cháng,second nature
无所事事,wú suǒ shì shì,nothing to do
不着边际,bù zháo biān jì,all over the place
危言耸听,wēi yán sǒng tīng,alarmist
湖畔,hú pàn,lakeside
谷仓,gǔ cāng,barn
润滑,rùn huá,lubricate
啃书,kěn shū,hit the books
沐浴用品,mù yù yòng pǐn,bath products
衷心,zhōng xīn,heartfelt
喧闹,xuān nào,noisy
彻夜,chè yè,all night
狂欢,kuáng huān,revelry
漆黑,qī hēi,pitch black
聚集态,jù jí tài,aggregated state
跪毯,guì tǎn,prayer rug
跌倒,diē dǎo,fall down
腔调,qiāng diào,accent
粉末,fěn mò,powder
旷课,kuàng kè,cut class
碳足迹,tàn zú jì,carbon footprint
二氧化碳,èr yǎng huà tàn,carbon dioxide
超脱,chāo tuō,detached
固氮,gù dàn,nitrogen fixation
氮气,dàn qì,nitrogen gas
氮肥,dàn féi,nitrogen fertilizer
大气层,dà qì céng,atmosphere
埋葬,mái zàng,bury (the dead)
火焰,huǒ yàn,flame
烟火,yān huǒ,fireworks
比拟,bǐ nǐ,compare
缕解,lǚ jiě,analyze
缰绳,jiāng shéng,reins
剥削,bō xuē,exploitation
简介,jiǎn jiè,introduction
残留,cán liú,residue
窘境,jiǒng jìng,plight
露珠,lù zhū,dewdrop
晶莹,jīng yíng,sparkling
凳子,dèng zi,stool
树桩,shù zhuāng,stump
镶嵌,xiāng qiàn,inlay
镜框,jìng kuàng,picture frame
网格,wǎng gé,grid
推想,tuī xiǎng,speculate
天线,tiān xiàn,antenna
支撑,zhī chēng,support
缘故,yuán gù,reason
惶恐,huáng kǒng,apprehensive
封面,fēng miàn,cover
稚拙,zhì zhuó,immature
伸手,shēn shǒu,reach out
延伸,yán shēn,extend
分明,fēn míng,clearly
恼怒,nǎo nù,angry
勤奋,qín fèn,diligent
执著,zhí zhuó,persistent
守恒,shǒu héng,conservation (law of)
推测,tuī cè,speculate
巧妙,qiǎo miào,clever
反驳,fǎn bó,refute
感慨,gǎn kǎi,sigh with emotion
崩溃,bēng kuì,break down
流淌,liú tǎng,flow
基地,jī dì,base
印象态,yìn xiàng tài,impression state
黑咕隆咚,hēi gu lōng dōng,pitch-dark
花谢了,huā xiè le,the flowers have wilted
卫星,wèi xīng,satellite
关切,guān qiè,concern
含糊,hán hú,vague
湿润,shī rùn,moist
绷紧,běng jǐn,tighten
水潭,shuǐ tán,pond
暮色,mù sè,twilight
望远镜,wàng yuǎn jìng,telescope
矗立,chù lì,stand tall
淘汰,táo tài,eliminate
淘宝,táo bǎo,TaoBao
劣汰,liè tài,survival of the unfit
探测,tàn cè,detect
发射,fā shè,launch
频谱,pín pǔ,spectrum
乐谱,yuè pǔ,sheet music
光谱,guāng pǔ,spectrum
图谱,tú pǔ,chart
家谱,jiā pǔ,family tree
涨落,zhǎng luò,fluctuation
幅度,fú dù,amplitude
终端,zhōng duān,terminal
振幅,zhèn fú,amplitude
骇人,hài rén,terrifying
科盲,kē máng,science illiterate
余烬,yú jìn,embers
琉璃,liú lí,glass  
釉子,yòu zi,glaze  
曲线,qǔ xiàn,curve  
效应,xiào yìng,effect  
多普勒,duō pǔ lè,Doppler  
边角料,biān jiǎo liào,scrap  
存盘,cún pán,save (a file)  
漫步,màn bù,stroll  
阵列,zhèn liè,array  
壮观,zhuàng guān,spectacular  
寻呼,xún hū,paging  
射电,shè diàn,radio  
超新星,chāo xīn xīng,supernova  
遗迹,yí jì,remnant  
委员,wěi yuán,committee member  
无线,wú xiàn,wireless  
奥秘,ào mì,mystery  
造诣,zào yì,accomplishment  
通宵,tōng xiāo,all night  
总部,zǒng bù,headquarters  
旗帜,qí zhì,flag  
急躁,jí zào,impetuous  
检阅,jiǎn yuè,review  
稚嫩,zhì nèn,immature  
焚化,fén huà,incinerate  
造反,zào fǎn,rebel  
梭镖,suō biāo,dart  
喇叭筒,lǎ bā tǒng,megaphone  
传单,chuán dān,flyer  
崇高,chóng gāo,lofty  
荣誉,róng yù,honor  
沸腾,fèi téng,boil  
灰烬,huī jìn,ashes  
陶醉,táo zuì,intoxicated  
胸膛,xiōng táng,chest  
啾唧,jiū jī,chirping  
轻盈,qīng yíng,lithe  
眷恋,juàn liàn,attachment  
献身,xiàn shēn,dedicate oneself  
壮丽,zhuàng lì,magnificent  
洪水,hóng shuǐ,flood  
渗透,shèn tòu,permeate  
批斗,pī dòu,criticize  
派别,pài bié,faction  
格斗,gé dòu,fight  
尖锐,jiān ruì,sharp  
纲领,gāng lǐng,platform  
残酷,cán kù,cruel  
顽固,wán gù,stubborn  
麻木,má mù,numb  
注入,zhù rù,inject  
摧毁,cuī huǐ,destroy  
损害,sǔn hài,damage  
忏悔,chàn huǐ,repent  
钢筋,gāng jīn,rebar  
焊接,hàn jiē,weld  
押送,yā sòng,escort  
步伐,bù fá,pace  
挟带,xié dài,carry  
乏力,fá lì,weak  
平息,píng xī,quell  
精通,jīng tōng,master  
议程,yì chéng,agenda  
老实,lǎo shí,honest  
擅自,shàn zì,without permission  
相对论,xiāng duì lùn,theory of relativity  
厉声,lì shēng,sharply  
资产阶级,zī chǎn jiē jí,bourgeoisie  
聪颖,cōng yǐng,intelligent  
别扭,biè niǔ,awkward  
精致,jīng zhì,delicate  
喝道,hè dào,shout  
拔高嗓门,bá gāo sǎng mén,raise one's voice  
揭发,jiē fā,expose  
蒙蔽,méng bì,deceive  
醒悟,xǐng wù,realize  
静态,jìng tài,static  
否定,fǒu dìng,deny  
谜语,mí yǔ,riddle  
过人,guò rén,exceeding  
超前,chāo qián,ahead  
参数,cān shù,parameter  
方程,fāng chéng,equation  
电磁,diàn cí,electromagnetic  
常数,cháng shù,mathematical constant  
窃取,qiè qǔ,steal  
结晶,jié jīng,crystallize  
领袖,lǐng xiù,leader  
挽袖,wǎn xiù,roll up sleeves
黏液,nián yè,mucus  
手镯,shǒu zhuó,bracelet  
杏仁,xìng rén,almond  
生锈,shēng xiù,rust  
不锈钢,bù xiù gāng,stainless steel  
蘑菇,mó gu,mushroom  
骆驼,luò tuo,camel  
蝙蝠,biān fú,bat  
放鸽子,fàng gē zi,stand someone up  
烟熏,yān xūn,smoked  
枫糖,fēng táng,maple syrup  
眼睫毛,yǎn jié máo,eyelashes  
茉莉,mò lì,jasmine  
喷溅,pēn jiàn,splash
味蕾,wèi lěi,taste buds  
拴狗,shuān gǒu,tie up a dog  
耐用,nài yòng,durable  
芦苇,lú wěi,reed  
教诲,jiào huì,teaching  
导师,dǎo shī,mentor  
砰然,pēng rán,with a bang  
坠地,zhuì dì,fall to the ground  
残存,cán cún,remain  
黄铜,huáng tóng,brass  
脑门,nǎo mén,forehead  
淤血,yū xuè,bruise  
量子,liàng zǐ,quantum  
力学,lì xué,mechanics  
停顿,tíng dùn,pause  
免于,miǎn yú,be free from  
抵赖,dǐ lài,deny  
函数,hán shù,function  
坍塌,tān tā,collapse  
唯心,wéi xīn,idealistic  
猖狂,chāng kuáng,rampant  
实践性,shí jiàn xìng,practicality  
狠心,hěn xīn,ruthless  
学说,xué shuō,theory  
剖析,pōu xī,analyze  
慈祥,cí xiáng,kindly  
立脚点,lì jiǎo diǎn,stance  
骚动,sāo dòng,turmoil  
统治阶级,tǒng zhì jiē jí,ruling class  
麻痹,má bì,numbness  
片面,piàn miàn,one-sided  
鼓舞,gǔ wǔ,inspire  
信念,xìn niàn,belief  
光辉,guāng huī,glory  
使命,shǐ mìng,mission  
英勇,yīng yǒng,heroic  
指示,zhǐ shì,instruction  
蜿蜒,wān yán,meandering  
血迹,xuè jì,bloodstain  
头颅,tóu lú,skull  
死寂,sǐ jì,deathly silence  
争夺,zhēng duó,struggle for  
癫狂,diān kuáng,madness  
暴徒,bào tú,rioter  
躯体,qū tǐ,body  
弥漫,mí màn,permeate  
溶解,róng jiě,dissolve  
姿态,zī tài,posture  
悬空,xuán kōng,suspended in air  
遗体,yí tǐ,corpse  
狼藉,láng jí,in disorder  
嘹亮,liáo liàng,loud and clear  
轰然,hōng rán,with a loud bang  
斧头,fǔ tóu,axe  
锯子,jù zi,saw (tool)
枝丫,zhī yā,branch
声嘶力竭,shēng sī lì jié,shouting oneself hoarse
恼羞成怒,nǎo xiū chéng nù,embarrased to anger
大逆不道,dà nì bù dào,grave transgression
惊恐万状,jīng kǒng wàn zhuàng,panic-stricken
滔滔不绝,tāo tāo bù jué,yapping
无坚不摧,wú jiān bù cuī,invincible  
实践出真知,shí jiàn chū zhēn zhī,knowledge through practice
摇摇欲坠,yáo yáo yù zhuì,on the verge of collapse  
一琴一鹤,yī qín yī hè,packing light
剃发留辫,tì fà liú biàn,Qing-era braid
旷日持久,kuàng rì chí jiǔ,long and drawn out  
牛鬼蛇神,niú guǐ shé shén,evil spirits and monsters  
错综复杂,cuò zōng fù zá,intricate and complicated  
全身而退,quán shēn ér tuì,retreat unscathed  
五花八门,wǔ huā bā mén,varied and diverse  
玉石俱焚,yù shí jù fén,throw the baby out with the bath water
心急如焚,xīn jí rú fén,itching with anxiety  
聋子的耳朵,lóng zi de ěr duǒ,just for decoration, useless
善解人意,shàn jiě rén yì,understanding and considerate  
天衣无缝,tiān yī wú fèng,seamless perfection  
任其自然,rèn qí zì rán,let nature take its course  
反其道而行之,fǎn qí dào ér xíng zhī,go against the grain  
知足常乐,zhī zú cháng lè,contentment brings happiness  
兴高采烈,xīng gāo cǎi liè,in high spirits  
赤身裸体,chì shēn luǒ tǐ,naked
风和日丽,fēng hé rì lì,beautiful weather  
凄惨,qī cǎn,miserable  
太平间,tài píng jiān,morgue  
破绽,pò zhàn,flaw  
伤痕,shāng hén,scar  
辽阔,liáo kuò,vast  
屏障,píng zhàng,barrier  
战略,zhàn lüè,strategy  
开垦,kāi kěn,reclaim  
畜牧,xù mù,livestock farming  
砍伐,kǎn fá,logging  
粪便,fèn biàn,manure  
油锯,yóu jù,chainsaw  
秃头,tū tóu,bald  
拖拉机,tuō lā jī,tractor  
收割,shōu gē,harvest  
犁地,lí dì,plowing  
柞木,zuò mù,oak  
榆树,yú shù,elm  
栎树,lì shù,oak tree  
履带,lǚ dài,track  
履历,lǚ lì,resume  
共振,gòng zhèn,resonance  
白皙,bái xī,fair-skinned  
春霖,chūn lín,spring rain  
发愣,fā lèng,stunned  
瞟一眼,piǎo yī yǎn,glance  
水沟,shuǐ gōu,ditch  
代沟,dài gōu,generation gap  
陈年,chén nián,aged  
歇息,xiē xi,rest  
晌午,shǎng wǔ,noon  
富饶,fù ráo,fertile  
方针,fāng zhēn,policy  
感触,gǎn chù,feelings  
序章,xù zhāng,prologue  
杀虫剂,shā chóng jì,insecticide  
创口,chuāng kǒu,wound  
花蕾,huā lěi,flower bud  
邪恶,xié è,evil  
冰山,bīng shān,iceberg  
醒目,xǐng mù,eye-catching  
木屑,mù xiè,wood shavings  
甩手,shuǎi shǒu,let go  
雷达,léi dá,radar  
齐膝,qí xī,knee-high  
瘴气,zhàng qì,miasma  
警戒,jǐng jiè,alert  
陡峭,dǒu qiào,steep  
陡度,dǒu dù,steepness  
方圆,fāng yuán,surroundings  
森严,sēn yán,strict  
驻扎,zhù zhā,stationed  
岗哨,gǎng shào,sentry post  
处分,chǔ fèn,disciplinary action  
挨个,āi gè,one by one  
字迹,zì jì,handwriting  
潦草,liáo cǎo,sloppy  
严谨,yán jǐn,meticulous  
立论,lì lùn,argumentation
富庶,fù shù,prosperous  
贫瘠,pín jí,barren  
急剧,jí jù,rapid  
蕴涵,yùn hán,contain  
理科,lǐ kē,science  
文科,wén kē,humanities  
出身,chū shēn,origin  
舒适区,shū shì qū,comfort zone  
由衷,yóu zhōng,sincere  
誊写,téng xiě,transcribe  
鸟窝,niǎo wō,bird's nest  
腋下,yè xià,armpit  
锯末,jù mò,sawdust  
椭圆,tuǒ yuán,oval  
针灸,zhēn jiǔ,acupuncture  
朦胧,méng lóng,hazy  
召开,zhào kāi,convene  
号召,hào zhào,call  
冷峻,lěng jùn,stern  
公文包,gōng wén bāo,briefcase  
落款,luò kuǎn,inscription  
申辩,shēn biàn,defend oneself  
委屈,wěi qu,wronged  
牵连,qiān lián,implicate  
诬陷,wū xiàn,framed  
受托,shòu tuō,entrusted  
宣扬,xuān yáng,propagate  
腐朽,fǔ xiǔ,decayed  
没落,mò luò,decline  
托辞,tuō cí,pretext  
陷阱,xiàn jǐng,trap  
徒劳,tú láo,futile  
陷害,xiàn hài,frame  
雷区,léi qū,minefield  
转折点,zhuǎn zhé diǎn,turning point  
撤销,chè xiāo,revoke, dismantle
烟蒂,yān dì,cigarette butt  
相继,xiāng jì,in succession  
煤气,méi qì,gas  
年长,nián zhǎng,(more) senior
随行,suí xíng,accompaniment
嘟囔,dū nang,mumble  
慈爱,cí ài,affection (for younger person)
贸然,mào rán,rashly  
疙瘩,gē da,pimple, lump
作风,zuò fēng,manner (of doing a task)
昏黄,hūn huáng,dim yellow
猕猴桃,ní hóu táo,kiwifruit  
海参,hǎi shén,sea cucumber  
检举,jiǎn jǔ,report  
记载,jì zǎi,record  
鞭炮,biān pào,firecracker  
老到,lǎo dào,mature  
翅膀,chì bǎng,wing  
翔实,xiáng shí,detailed  
外行,wài háng,amateur  
流水账,liú shuǐ zhàng,current account  
隐约,yǐn yuē,vague  
国防,guó fáng,national defense  
阴谋,yīn móu,conspiracy  
研制,yán zhì,develop  
致命,zhì mìng,fatal  
标点符号,biāo diǎn fú hào,punctuation  
证人,zhèng rén,witness  
交底,jiāo dǐ,disclosure  
书籍,shū jí,books  
褪去,tuì qù,fade  
盥洗盆,guàn xǐ pén,washbasin  
活泼,huó pō,energetic  
泼水,pō shuǐ,splash water  
被褥,bèi rù,quilt  
攥拳头,zhuàn quán tóu,clench fist  
骨髓,gǔ suǐ,bone marrow  
幻觉,huàn jué,hallucination  
决裂,jué liè,break  
永恒,yǒng héng,eternal  
丁香,dīng xiāng,clove  
把盏,bǎ zhǎn,hold a cup  
关节,guān jié,joint  
唾沫,tuò mò,sputum  
敞开,chǎng kāi,open wide  
舷窗,xián chuāng,porthole  
旋翼,xuán yì,rotor  
功底,gōng dǐ,foundation  
敏捷,mǐn jié,agile  
生涯,shēng yá,lifetime  
引擎,yǐn qíng,engine  
稳妥,wěn tuǒ,secure  
条例,tiáo lì,regulation  
傍晚,bàng wǎn,evening  
实用主义,shí yòng zhǔ yì,pragmatism  
啸声,xiào shēng,howl  
浑厚,hún hòu,deep and rich  
卸下,xiè xià,unload  
积木,jī mù,building blocks  
哨兵,shào bīng,sentry  
郑重,zhèng zhòng,serious  
确凿,què záo,concrete  
慎重,shèn zhòng,cautious  
尾随,wěi suí,follow  
久违,jiǔ wéi,long-lost  
权衡,quán héng,weigh  
氢气,qīng qì,hydrogen  
迈进,mài jìn,advance  
宽敞,kuān chǎng,spacious  
仪器,yí qì,instrument  
战壕,zhàn háo,trench  
静悄悄,jìng qiāo qiāo,quiet  
蜂鸣,fēng míng,buzz  
类别,lèi bié,category  
坐标,zuò biāo,coordinate  
校核,jiào hé,verify  
文档,wén dàng,document  
功放,gōng fàng,amplifier  
监测,jiān cè,monitor  
不可逆,bù kě nì,irreversible  
瘙痒,sào yǎng,itching  
烧毁,shāo huǐ,burn  
冗余,rǒng yú,redundant  
断点,duàn diǎn,breakpoint  
盘旋,pán xuán,circle  
目睹,mù dǔ,witness  
熄灭,xī miè,extinguish  
洪亮,hóng liàng,sonorous  
健在,jiàn zài,alive  
传奇,chuán qí,legend  
聚光灯,jù guāng dēng,spotlight  
仰角,yǎng jiǎo,elevation angle  
不一,bù yī,varied  
蠕动,rú dòng,peristalsis  
初步,chū bù,preliminary  
实时,shí shí,real-time  
鼠标,shǔ biāo,mouse (device)  
转换,zhuǎn huàn,convert  
惺忪,xīng sōng,sleepy  
余温,yú wēn,residual warmth  
健忘,jiàn wàng,forgetful  
衍射,yǎn shè,diffraction  
禁锢,jìn gù,imprison  
脉动,mài dòng,pulse  
描绘,miáo huì,depict  
霓虹,ní hóng,neon  
破译,pò yì,decipher  
皱褶,zhòu zhé,wrinkle  
坑洼,kēng wā,pothole  
低洼,dī wā,depression (land)  
海啸,hǎi xiào,tsunami  
惨白,cǎn bái,pale  
罗马,luó mǎ,Rome  
冥冥,míng míng,dark  
排练,pái liàn,rehearse  
唱诗,chàng shī,hymn  
庄严,zhuāng yán,solemn  
穹顶,qióng dǐng,dome  
宏伟,hóng wěi,magnificent  
硬撑,yìng chēng,hold on  
捂住,wǔ zhù,cover  
拖延,tuō yán,delay  
脚趾,jiǎo zhǐ,toe  
眨眼,zhǎ yǎn,blink  
扯谈,chě tán,nonsense  
无畏,wú wèi,fearless  
敬畏,jìng wèi,awe  
欢心,huān xīn,favor  
退伍,tuì wǔ,discharged from military  
踹腿儿,chuài tuǐ ér,kick  
邪乎,xié hu,exaggerated  
捣鬼,dǎo guǐ,play tricks  
起码,qǐ mǎ,minimum  
紫禁城,zǐ jìn chéng,Forbidden City  
宁静,níng jìng,peaceful  
真相,zhēn xiàng,truth  
靓妹,liàng mèi,pretty girl  
奸淫,jiān yín,rape  
征文,zhēng wén,call for papers  
闲心,xián xīn,leisure  
不得不服,bù dé bù fú,have to admire  
精辟,jīng pì,insightful  
伪科学,wěi kē xué,pseudoscience  
揭穿,jiē chuān,expose  
规模,guī mó,scale  
纳闷,nà mèn,puzzled  
用户体验,yòng hù tǐ yàn,user experience  
宏观经济,hóng guān jīng jì,macroeconomics  
微观经济,wēi guān jīng jì,microeconomics  
睡意,shuì yì,sleepiness  
坑坑洼洼,kēng kēng wā wā,uneven  
飘逸,piāo yì,flowing  
绑住,bǎng zhù,tie up  
经意,jīng yì,attentive  
侥幸,jiǎo xìng,lucky  
上颚,shàng è,upper jaw  
下颚,xià è,lower jaw  
合乎,hé hū,conform  
沉吟,chén yín,ponder  
懊恼,ào nǎo,annoyed  
巫师,wū shī,wizard  
沉浸,chén jìn,immerse  
玄想,xuán xiǎng,fantasy  
光斑,guāng bān,solar flare
提炼,tí liàn,extract  
荧光,yíng guāng,fluorescence  
梦寐,mèng mèi,dream  
诏书,zhào shū,decree  
洞穴,dòng xué,cave  
绝伦,jué lún,unparalleled  
瞳孔,tóng kǒng,pupil  
发掘,fā jué,unearth  
摇曳,yáo yè,sway  
编纂,biān zuǎn,compile  
拱桥,gǒng qiáo,arch bridge  
横贯,héng guàn,cross  
纵贯,zòng guàn,run through  
飞驰,fēi chí,speed  
布满,bù mǎn,covered  
涌浪,yǒng làng,surging waves  
旋涡,xuán wō,whirlpool  
日冕,rì miǎn,solar corona  
舒展,shū zhǎn,stretch  
炉膛,lú táng,furnace  
橘子,jú zi,orange  
吞噬,tūn shì,devour  
手绢,shǒu juàn,handkerchief  
吹捧,chuī pěng,flatter  
捧场,pěng chǎng,support  
耀眼,yào yǎn,dazzling  
炽热,chì rè,fierce heat  
混沌,hùn dùn,chaos  
进化,jìn huà,evolution  
层次,céng cì,level  
纵深,zòng shēn,depth  
实则,shí zé,actually  
单薄,dān bó,thin  
麻醉剂,má zuì jì,anesthetic  
赤裸,chì luǒ,naked  
成色,chéng sè,quality  
吹拂,chuī fú,blow  
历经,lì jīng,experience  
纯属,chún shǔ,purely  
厌烦,yàn fán,weary  
机密,jī mì,secret  
纠正,jiū zhèng,correct  
调试,tiáo shì,debug  
排遣,pái qiǎn,distract  
平庸,píng yōng,mediocre  
卓越,zhuó yuè,excellent  
大相径庭,dà xiāng jìng tíng,vastly different  
莫测高深,mò cè gāo shēn,unfathomable  
转瞬即逝,zhuǎn shùn jí shì,fleeting  
星罗棋布,xīng luó qí bù,strewn with stars  
四体不勤,sì tǐ bù qín,lazy, unskilled  
五谷不分,wǔ gǔ bù fēn,unaware of basics  
奇形怪状,qí xíng guài zhuàng,bizarre shapes  
天塌地陷,tiān tā dì xiàn,a major catastrophe  
摇旗呐喊,yáo qí nà hǎn,cheer on vigorously  
男耕女织,nán gēng nǚ zhī,traditional division of labor  
鸡毛蒜皮,jī máo suàn pí,trivial matters  
难兄难弟,nàn xiōng nàn dì,partners in hardship  
瓮声瓮气,wèng shēng wèng qì,hoarse and muffled voice  
简明扼要,jiǎn míng è yào,concise and to the point  
此起彼伏,cǐ qǐ bǐ fú,rise and fall in succession  
斩钉截铁,zhǎn dīng jié tiě,firm and decisive  
立功赎罪,lì gōng shú zuì,redeem through meritorious deeds  
敬而远之,jìng ér yuǎn zhī,respect but keep distance  
若即若离,ruò jí ruò lí,seemingly close but distant  
有条不紊,yǒu tiáo bù wěn,methodical and orderly  
平易近人,píng yì jìn rén,easygoing and approachable  
根深蒂固,gēn shēn dì gù,deep-rooted  
仁至义尽,rén zhì yì jìn,doing one's utmost out of benevolence  
脱离群众,tuō lí qún zhòng,detached from the masses  
不得而知,bù dé ér zhī,unknown  
灭顶之灾,miè dǐng zhī zāi,calamity  
飞黄腾达,fēi huáng téng dá,soar to success  
石沉大海,shí chén dà hǎi,no response after sending a message  
不寒而栗,bù hán ér lì,shudder involuntarily  
浑水摸鱼,hún shuǐ mō yú,fish in troubled waters  
沉默寡言,chén mò guǎ yán,reticent  
亭亭玉立,tíng tíng yù lì,graceful and tall  
左顾右盼,zuǒ gù yòu pàn,look around
存贮器,cún zhù qì,memory device  
和蔼,hé ǎi,kind and amiable  
出气筒,chū qì tǒng,punching bag (figuratively)  
悬崖,xuán yá,cliff  
僻静,pì jìng,secluded  
踱步,duó bù,stroll  
兆瓦,zhào wǎ,megawatt  
功率,gōng lǜ,power (physics)  
电容,diàn róng,capacitance  
调制,tiáo zhì,modulation  
靶标,bǎ biāo,target  
搭载,dā zài,carry or load (a payload)  
侦查,zhēn chá,reconnaissance  
魁梧,kuí wú,towering and burly  
坦诚,tǎn chéng,frank  
汹涌,xiōng yǒng,surging  
氦,hài,helium  
消耗,xiāo hào,consume  
阴极,yīn jí,cathode  
阳极,yáng jí,anode  
代码,dài mǎ,code  
汇编,huì biān,assembly (language)  
数据库,shù jù kù,database  
依据,yī jù,based on  
悻悻,xìng xìng,sullen  
阻力,zǔ lì,resistance  
稳健,wěn jiàn,steady  
盈满,yíng mǎn,brimming  
测绘学,cè huì xué,cartography  
陪葬品,péi zàng pǐn,burial objects  
延揽,yán lǎn,recruit  
置信区间,zhì xìn qū jiān,confidence interval  
提要,tí yào,summary  
变数,biàn shù,variable  
认可,rèn kě,recognition  
堤防,dī fáng,dike  
赫,hè,prominent  
先驱者,xiān qū zhě,pioneer  
波多黎各,bō duō lí gè,Puerto Rico  
英亩,yīng mǔ,acre  
面积,miàn jī,area  
副本,fù běn,copy  
附件,fù jiàn,attachment  
清单,qīng dān,list  
几何学,jǐ hé xué,geometry  
涌现,yǒng xiàn,emerge  
珍视,zhēn shì,treasure  
仇恨,chóu hèn,hatred  
预算,yù suàn,budget  
佩服,pèi fú,admire  
实质,shí zhì,essence  
透镜,tòu jìng,lens  
调集,diào jí,mobilize  
呼唤,hū huàn,call  
摔跤,shuāi jiāo,wrestle  
衰落,shuāi luò,decline
简历,jiǎn lì,resume  
眼界,yǎn jiè,horizon (vision)  
编制,biān zhì,compilation  
成果,chéng guǒ,achievement  
归功与,guī gōng yú,attribute to  
前景,qián jǐng,prospect  
入伍,rù wǔ,enlist  
平反,píng fǎn,redress  
遇难,yù nàn,perish  
事故,shì gù,accident  
腹泻,fù xiè,diarrhea  
腹部,fù bù,abdomen  
悠长,yōu cháng,long and leisurely  
噪声,zào shēng,noise  
渺小,miǎo xiǎo,insignificant  
不值一提,bù zhí yī tí,not worth mentioning  
席,xí,seat  
不相干,bù xiāng gān,irrelevant  
揭示,jiē shì,reveal  
哥特式,gē tè shì,Gothic style  
黝黑,yǒu hēi,dark  
大理石,dà lǐ shí,marble  
面庞,miàn páng,face  
轮廓,lún kuò,contour  
教皇,jiào huáng,pope  
鬈发,quán fà,curls  
噗嗤,pū chī,chuckle  
嗤笑,chī xiào,sneer  
翘曲,qiào qū,warping  
翘盼,qiào pàn,eagerly look forward  
顿悟,dùn wù,sudden enlightenment  
工匠,gōng jiàng,craftsman  
正视,zhèng shì,face squarely  
编撰,biān zhuàn,compile  
回荡,huí dàng,echo  
镇定药,zhèn dìng yào,sedative
捕获,bǔ huò,capture  
铠甲,kǎi jiǎ,armor  
灼热,zhuó rè,scorching  
偏振,piān zhèn,polarization  
冶炼,yě liàn,smelting  
火刑,huǒ xíng,execution by burning  
尸体剖检,shī tǐ pōu jiǎn,autopsy  
狞笑,níng xiào,grim laugh  
铿锵,kēng qiāng,resonant  
栽倒,zāi dǎo,tumble  
旺炽,wàng chì,blazing  
扩散,kuò sàn,diffusion  
蜂拥,fēng yōng,swarm  
枷锁,jiā suǒ,shackles  
岩浆,yán jiāng,lava  
豆浆,dòu jiāng,soy milk  
熊熊,xióng xióng,fierce (flames)  
齐声,qí shēng,in unison  
颂歌,sòng gē,hymn  
叙述,xù shù,narrate  
懒散,lǎn sǎn,lazy  
黄金分割,huáng jīn fēn gē,golden ratio  
推导,tuī dǎo,derivation  
立体,lì tǐ,three-dimensional  
捣鼓,dǎo gǔ,tinker  
厌倦,yàn juàn,weary  
出家人,chū jiā rén,monk  
进香,jìn xiāng,make offerings (incense burning)  
僧人,sēng rén,monk  
启发,qǐ fā,inspire  
催促,cuī cù,urge  
丝毫,sī háo,slightest  
诠释,quán shì,interpret  
引力,yǐn lì,gravity  
寥寥,liáo liáo,few  
熙攘,xī rǎng,bustling  
放荡,fàng dàng,dissolute  
微分,wēi fēn,differentiation  
敬仰,jìng yǎng,admire  
积分,jī fēn,integration  
蛮力,mán lì,brute force  
对抗,duì kàng,confrontation  
矢量,shǐ liàng,vector  
断面,duàn miàn,cross-section  
逃窜,táo cuàn,flee  
佛像,fó xiàng,Buddha statue  
虔诚,qián chéng,devout  
门槛,mén kǎn,threshold  
保佑,bǎo yòu,bless  
吟诵,yín sòng,chant  
袅袅,niǎo niǎo,curling (smoke)  
默念,mò niàn,silent prayer  
严峻,yán jùn,severe  
拯救,zhěng jiù,save  
阴森,yīn sēn,ghastly  
幢,zhuàng,building (measure word for buildings)
衣来伸手饭来张口,yī lái shēn shǒu fàn lái zhāng kǒu,live a life of idleness  
不假思索,bù jiǎ sī suǒ,without thinking  
优胜劣汰,yōu shèng liè tài,survival of the fittest  
寻花问柳,xún huā wèn liǔ,frequent brothels  
遁入空门,dùn rù kōng mén,leave the secular world for a monastic life  
吊儿郎当,diào er láng dāng,flippant and unsteady  
卧虎藏龙,wò hǔ cáng lóng,hidden talents  
不失时机,bù shī shí jī,not miss the opportunity  
无动于衷,wú dòng yú zhōng,indifferent  
不以为然,bù yǐ wéi rán,disapprove  
主观臆断,zhǔ guān yì duàn,subjective assumption  
昏昏欲睡,hūn hūn yù shuì,drowsy  
没完没了,méi wán méi liǎo,endless  
夜深人静,yè shēn rén jìng,late at night when all is quiet  
小题大做,xiǎo tí dà zuò,make a big deal out of nothing  
旁观者清,páng guān zhě qīng,bystanders see things more clearly  
百忙之中,bǎi máng zhī zhōng,in the midst of a busy schedule  
偏听则暗兼听则明,piān tīng zé àn jiān tīng zé míng,partial listening leads to ignorance; hearing all sides leads to wisdom  
一叶障目,yī yè zhàng mù,unable to see the bigger picture  
不可多得,bù kě duō dé,rare and precious  
随心所欲,suí xīn suǒ yù,do as one pleases  
恍然大悟,huǎng rán dà wù,sudden realization  
欲言又止,yù yán yòu zhǐ,wanting to say something but holding back  
胆战心惊,dǎn zhàn xīn jīng,terrified  
轨迹,guǐ jì,trajectory  
衔接,xián jiē,connect  
巴不得,bā bù dé,eagerly wish for  
威望,wēi wàng,prestige  
出差,chū chāi,go on a business trip  
斟酌,zhēn zhuó,deliberate  
隐瞒,yǐn mán,conceal  
老练,lǎo liàn,experienced  
揣共,chuāi gòng,guess  
警觉,jǐng jué,alert  
虚掩,xū yǎn,ajar  
壮硕,zhuàng shuò,sturdy  
相称,xiāng chèn,match  
践踏,jiàn tà,trample  
踏板,tà bǎn,pedal  
潘,pān,surname Pan  
极端,jí duān,extreme  
警笛,jǐng dí,siren  
光盘,guāng pán,CD/DVD  
牛顿,niú dùn,Newton  
衬托,chèn tuō,set off  
循序,xún xù,in sequence  
呼啸,hū xiào,howl  
当啷,dāng lāng,clanging sound  
啐,cuì,spit  
呸,pēi,spit  
拾掇,shí duo,tidy up  
分裂,fēn liè,split  
奠基人,diàn jī rén,founder  
败类,bài lèi,scum  
咬牙,yǎo yá,grit teeth  
三叉戟,sān chā jǐ,trident  
僵持,jiāng chí,deadlock  
把柄,bǎ bǐng,handle  
凯旋,kǎi xuán,triumph  
疆域,jiāng yù,territory  
呕吐,ǒu tù,vomit  
赴约,fù yuē,keep an appointment  
奔赴,bēn fù,hasten to  
担架,dān jià,stretcher  
荒淫,huāng yín,debauched  
泥潭,ní tán,quagmire  
供应,gōng yìng,supply  
陛下,bì xià,Your Majesty  
理睬,lǐ cǎi,pay attention  
投降,tóu xiáng,surrender  
郁闷,yù mèn,depressed  
飞翔,fēi xiáng,fly  
扰动,rǎo dòng,disturbance  
回路,huí lù,circuit  
主板,zhǔ bǎn,motherboard  
平方,píng fāng,square  
容量,róng liàng,capacity  
贯穿,guàn chuān,run through  
儒学,rú xué,Confucianism  
匕首,bǐ shǒu,dagger  
御,yù,imperial  
奉,fèng,offer  
圣上,shèng shàng,Emperor  
粼粼,lín lín,glimmering  
进度条,jìn dù tiáo,progress bar  
湍急,tuān jí,rapid  
模块,mó kuài,module  
激荡,jī dàng,surge  
阴毒,yīn dú,sinister  
拄,zhǔ,lean on  
措施,cuò shī,measure  
更换,gēng huàn,replace  
卒,zú,soldier  
斩断,zhǎn duàn,sever  
斩首,zhǎn shǒu,behead  
厌恶疗法,yàn wù liáo fǎ,aversion therapy  
出鞘,chū qiào,draw (a sword)  
差分方程,chā fēn fāng chéng,differential equation  
独裁,dú cái,dictatorship  
暴政,bào zhèng,tyranny  
扼杀,è shā,strangle  
纪律,jì lǜ,discipline  
卑贱,bēi jiàn,lowly  
奉承,fèng chéng,flatter  
浪涛,làng tāo,waves  
储备,chǔ bèi,reserve  
供给,gōng jǐ,supply  
大臣,dà chén,minister  
气喘病,qì chuǎn bìng,asthma  
亘古,gèn gǔ,since ancient times  
角速度,jiǎo sù dù,angular velocity  
吉兆,jí zhào,auspicious sign  
爵士,jué shì,knight  
奖赏,jiǎng shǎng,reward  
倾斜,qīng xié,tilt  
斜坡,xié pō,slope  
灰浆,huī jiāng,mortar  
束缚,shù fù,bind  
印痕,yìn hén,imprint  
一览,yī lǎn,bird's eye view
连绵,lián mián,continuous  
山脉,shān mài,mountain range  
剔透,tī tòu,transparent  
脚蹬,jiǎo dèng,stirrup  
真空,zhēn kōng,vacuum  
奠定,diàn dìng,lay the foundation  
内涵,nèi hán,inner meaning  
朴素,pǔ sù,simple  
裁判,cái pàn,judge/referee  
骤然,zhòu rán,suddenly  
意境,yì jìng,artistic conception  
深奥,shēn ào,profound  
深邃,shēn suì,deep  
兴衰,xīng shuāi,rise and fall  
传输,chuán shū,transmit  
聚焦,jù jiāo,focus  
些许,xiē xǔ,a little  
敌意,dí yì,hostility  
逐个,zhú gè,one by one  
自我完善,zì wǒ wán shàn,self-improvement  
介入,jiè rù,intervene  
解剖,jiě pōu,dissection  
揭露,jiē lù,expose  
向往,xiàng wǎng,yearn for  
丛林,cóng lín,jungle  
灌木,guàn mù,shrub  
入侵,rù qīn,invade  
强盗,qiáng dào,robber  
福音,fú yīn,gospel  
韵味,yùn wèi,charm  
熟练,shú liàn,skillful  
蓬松,péng sōng,fluffy
掠过,lüè guò,glide past  
月牙,yuè yá,crescent moon  
物化,wù huà,materialize  
犄角,jī jiǎo,corners  
鸿沟,hóng gōu,gap  
摄动,shè dòng,perturbation  
流线型,liú xiàn xíng,streamlined  
悬吊,xuán diào,suspend  
首脑,shǒu nǎo,head of state  
线缆,xiàn lǎn,cable  
潜水艇,qián shuǐ tǐng,submarine  
墓碑,mù bēi,tombstone  
确切,què qiè,precise  
审判日,shěn pàn rì,judgment day  
赌徒,dǔ tú,gambler  
心灵感应,xīn líng gǎn yìng,telepathy  
顽强,wán qiáng,tenacious  
凶兆,xiōng zhào,ominous sign  
吉利,jí lì,auspicious  
咒语,zhòu yǔ,spell  
拓扑,tà pū,topology  
赤道,chì dào,equator  
潮汐,cháo xī,tides  
地质,dì zhì,geology  
撼动,hàn dòng,shake  
致密,zhì mì,dense  
溜冰,liū bīng,ice skating  
陨坑,yǔn kēng,impact crater  
蹒跚,pán shān,stagger  
耗时,hào shí,time-consuming  
旨在,zhǐ zài,aims at  
捕猎,bǔ liè,hunt  
残余,cán yú,remnant  
摩擦,mó cā,friction  
擦干,cā gān,wipe dry  
轧轧,zhà zhà,creaking  
光缆,guāng lǎn,optical cable  
停滞,tíng zhì,stagnation  
抵消,dǐ xiāo,offset  
磅礴,páng bó,vast  
里程碑,lǐ chéng bēi,milestone  
远征,yuǎn zhēng,expedition  
沙丘,shā qiū,dune  
丘陵,qiū líng,hill
心如刀绞,xīn rú dāo jiǎo,feeling heart-wrenching pain  
惊心动魄,jīng xīn dòng pò,terrifying and intense  
前赴后继,qián fù hòu jì,to advance wave upon wave  
光怪陆离,guāng guài lù lí,bizarre and motley  
不可逾越,bù kě yú yuè,insurmountable  
若无其事,ruò wú qí shì,as if nothing had happened  
面目全非,miàn mù quán fēi,unrecognizable  
言多必失,yán duō bì shī,speaking too much leads to mistakes  
病入膏肓,bìng rù gāo huāng,being incurably ill  
颠倒黑白,diān dǎo hēi bái,distorting truth  
志同道合,zhì tóng dào hé,kindred spirits  
西装革履,xī zhuāng gé lǚ,dressed in a suit  
风度翩翩,fēng dù piān piān,debonair and elegant  
鹤发童颜,hè fà tóng yán,white-haired with a youthful face  
惨不忍睹,cǎn bù rěn dǔ,too tragic to look at  
欣喜若狂,xīn xǐ ruò kuáng,overjoyed  
气喘吁吁,qì chuǎn xū xū,gasping for breath  
拂袖而去,fú xiù ér qù,to leave angrily  
胸有成竹,xiōng yǒu chéng zhú,confident with a well-thought-out plan  
汹涌澎湃,xiōng yǒng péng pài,surging and powerful  
涟漪微恙,lián yī wēi yàng,a slight ripple of unease  
头晕目眩,tóu yūn mù xuàn,dizzy and lightheaded  
面面相觑,miàn miàn xiāng qù,looking at each other in dismay  
千里迢迢,qiān lǐ tiáo tiáo,over a long distance  
指日可待,zhǐ rì kě dài,expected soon  
势不两立,shì bù liǎng lì,unable to coexist
舰队,jiàn duì,fleet  
比例,bǐ lì,proportion  
辉煌,huī huáng,glorious  
蔚蓝,wèi lán,sky blue  
忠于,zhōng yú,loyal to  
搬迁,bān qiān,relocate  
搜捕令,sōu bǔ lìng,arrest warrant  
倒戈,dǎo gē,to switch sides  
威信,wēi xìn,prestige  
振臂,zhèn bì,to raise one's arm  
起义,qǐ yì,uprising  
登上,dēng shàng,to ascend  
响应,xiǎng yìng,to respond  
眩晕,xuàn yūn,dizziness  
形势,xíng shì,situation  
保重,bǎo zhòng,take care  
果断,guǒ duàn,decisive  
异己,yì jǐ,dissident  
申诉,shēn sù,appeal  
谣传,yáo chuán,rumor  
车祸,chē huò,car accident  
肾脏,shèn zàng,kidney  
憎恨,zēng hèn,hatred  
弥合,mí hé,to bridge  
裂痕,liè hén,crack  
统帅,tǒng shuài,commander  
谜底,mí dǐ,answer to a riddle  
揭晓,jiē xiǎo,to announce  
拉屎,lā shǐ,to defecate  
靶向药,bǎ xiàng yào,targeted drug  
遣送,qiǎn sòng,to deport
挽救,wǎn jiù,save
骤变,zhòu biàn,sudden change
脊椎,jǐ zhuī,spine
抽搐,chōu chù,twitch
亲切,qīn qiè,kind
回顾,huí gù,review
历程,lì chéng,course
缘由,yuán yóu,reason
红外,hóng wài,infrared
抛射,pāo shè,launch
期刊,qī kān,journal
传真,chuán zhēn,fax
委托,wěi tuō,delegate
潜心,qián xīn,devote oneself to
照例,zhào lì,as usual
订阅,dìng yuè,subscribe
烦琐,fán suǒ,cumbersome
矩阵,jǔ zhèn,matrix
冻僵,dòng jiāng,frozen stiff
归结,guī jié,summarize
机制,jī zhì,mechanism
顶点,dǐng diǎn,vertex
吸收,xī shōu,absorb
光子,guāng zǐ,photon
紫外线,zǐ wài xiàn,ultraviolet rays
纯粹,chún cuì,pure
脱钩,tuō gōu,decouple
侧面,cè miàn,side
增益,zēng yì,gain
阈值,yù zhí,threshold
打岔,dǎ chà,interrupt
玄乎,xuán hū,mysterious
心弦,xīn xián,heartstrings
荒唐,huāng táng,absurd
糖尿病,táng niào bìng,diabetes
损耗,sǔn hào,loss
手册,shǒu cè,manual
拆卸,chāi xiè,dismantle
组装,zǔ zhuāng,assemble
橡皮擦,xiàng pí cā,eraser
橡皮筋,xiàng pí jīn,rubber band
试镜,shì jìng,audition
吩咐,fēn fù,instruct
埋藏,mái cáng,bury
凄婉,qī wǎn,mournful
摞,luò,stack
绚丽,xuàn lì,gorgeous
啼鸣,tí míng,chirp
强劲,qiáng jìn,powerful
惊惧,jīng jù,terrified
磨合,mó hé,run-in
旺盛,wàng shèng,vigorous
兴旺,xīng wàng,prosperous
焦灼,jiāo zhuó,anxious
创伤,chuāng shāng,trauma
偏执狂,piān zhí kuáng,paranoid
日益,rì yì,increasingly
密切,mì qiè,intimate
近乎,jìn hū,almost
世外桃源,shì wài táo yuán,utopia
昔日,xī rì,former days
光秃秃,guāng tū tū,bare
避难所,bì nàn suǒ,shelter
潜艇,qián tǐng,submarine
艘,sōu,measure word for ships
娶亲,qǔ qīn,marry (for a man)
避风港,bì fēng gǎng,safe haven
俱佳,jù jiā,excellent
起伏,qǐ fú,fluctuate
剔除,tī chú,eliminate
正弦波,zhèng xián bō,sine wave
打瞌睡,dǎ kē shuì,nap
加密,jiā mì,encrypt
子目录,zǐ mù lù,subdirectory
滚烫,gǔn tàng,boiling hot
隆隆,lóng lóng,rumbling
山脊,shān jǐ,ridge
就绪,jiù xù,ready
打哈欠,dǎ hā qiàn,yawn
钙,gài,calcium
猩猩,xīng xīng,orangutan
花瓣,huā bàn,petals
鹦鹉,yīng wǔ,parrot
发芽,fā yá,sprout
蚂蚁,mǎ yǐ,ant
妖怪,yāo guài,monster
靛蓝,diàn lán,indigo
爹,diē,dad
润唇膏,rùn chún gāo,lip balm
榔头,láng tóu,hammer
耽搁,dān gē,delay
搁置,gē zhì,shelve
吨,dūn,ton
顿时,dùn shí,suddenly
自若,zì ruò,calm
娇嗔,jiāo chēn,coquettish anger
弹簧,tán huáng,spring
艳丽,yàn lì,gorgeous
电筒,diàn tǒng,flashlight
布置,bù zhì,arrange
狙击,jū jī,sniper
放射性,fàng shè xìng,radioactivity
击毙,jī bì,shoot dead
被捕,bèi bǔ,captured
沾染,zhān rǎn,contaminate
鉴于,jiàn yú,in view of
刑事,xíng shì,criminal
赫然,hè rán,startlingly
幸亏,xìng kuī,fortunately
缓冲,huǎn chōng,buffer
刻骨,kè gǔ,deeply ingrained
恻隐,cè yǐn,compassion
用心,yòng xīn,attentive
螺栓,luó shuān,bolt
电阻,diàn zǔ,resistor
胶泥,jiāo ní,clay
腐蚀,fǔ shí,corrosion
敬业,jìng yè,dedicated
忠实,zhōng shí,loyal
抢修,qiǎng xiū,urgent repair
志愿兵,zhì yuàn bīng,volunteer soldier
棉袄,mián ǎo,cotton-padded coat
皴裂,cūn liè,chapped
冰碴儿,bīng chá ér,ice shards
临产,lín chǎn,nearing labor
炙烤,zhì kǎo,broil
蒙受,méng shòu,suffer
啼哭,tí kū,cry
儿媳妇,ér xí fù,daughter-in-law
雪橇,xuě qiāo,sled
哺乳,bǔ rǔ,nursing
屯子,tún zǐ,village
闺女,guī nǚ,daughter
烟袋锅,yān dài guō,pipe bowl
悠然,yōu rán,leisurely
丰满,fēng mǎn,plump
肌肤,jī fū,skin
解乏,jiě fá,relieve fatigue
寡妇,guǎ fù,widow
古朴,gǔ pǔ,simple and unsophisticated
浓郁,nóng yù,rich
咋,zǎ,how
色调,sè diào,tone
肚兜,dù dōu,bib
圆润,yuán rùn,round and smooth
涂上,tú shàng,apply
心绪,xīn xù,mood
点缀,diǎn zhuì,decorate
落实,luò shí,implement
复苏,fù sū,revive
浩劫,hào jié,catastrophe
著作,zhù zuò,work
报偿,bào cháng,recompense
夹缝,jiā fèng,crevice
调离,diào lí,transfer
入微,rù wēi,subtle
隔阂,gé hé,barrier
滔天大罪,tāo tiān dà zuì,grievous crime
冤冤相报,yuān yuān xiāng bào,endless cycle of revenge
自取灭亡,zì qǔ miè wáng,bring about one's own destruction
信口开河,xìn kǒu kāi hé,talk recklessly
引火烧身,yǐn huǒ shāo shēn,invite trouble upon oneself
心术不正,xīn shù bù zhèng,harbor evil intentions
千里之行始于足下,qiān lǐ zhī xíng shǐ yú zú xià,a journey of a thousand miles begins with a single step
袅袅婷婷,niǎo niǎo tíng tíng,graceful and elegant
动荡不安,dòng dàng bù ān,turbulent and uneasy
山穷水尽,shān qióng shuǐ jìn,at the end of one's rope
前途无量,qián tú wú liàng,have boundless prospects
蛛丝马迹,zhū sī mǎ jì,clues or traces
飘忽不定,piāo hū bù dìng,uncertain and erratic
瞠目结舌,chēng mù jié shé,stunned into silence
下不为例,xià bù wéi lì,will not be repeated
历历在目,lì lì zài mù,vividly in one's mind
不绝于耳,bù jué yú ěr,continuous sound
一触即发,yī chù jí fā,on the verge of breaking out
一笑置之,yī xiào zhì zhī,laugh it off
毫不犹豫,háo bù yóu yù,without hesitation
大大咧咧,dà dà liē liē,carefree and casual
神采飞扬,shén cǎi fēi yáng,radiating joy and energy
名垂青史,míng chuí qīng shǐ,go down in history
急难险重,jí nàn xiǎn zhòng,urgent and challenging tasks
微不足道,wēi bù zú dào,trivial
正儿八经,zhèng ér bā jīng,serious and proper
素昧平生,sù mèi píng shēng,strangers to each other
打情骂俏,dǎ qíng mà qiào,flirt
隔三差五,gé sān chà wǔ,every now and then
深思熟虑,shēn sī shú lǜ,thoroughly consider
恰到好处,qià dào hǎo chù,just right
撩开,liāo kāi,lift or open
偷窥,tōu kuī,peep
旭日,xù rì,rising sun
消逝,xiāo shì,disappear
挑衅,tiǎo xìn,provoke
了结,liǎo jié,settle
榴弹,liú dàn,grenade
牛粪,niú fèn,cow dung
凌迅,líng xùn,first melt
烈士,liè shì,martyr
霏霏,fēi fēi,drizzling
植被,zhí bèi,vegetation
窑洞,yáo dòng,cave dwelling
俺们,ǎn men,we (dialect)
鲜艳,xiān yàn,bright and colorful
不堪,bù kān,unbearable
国籍,guó jí,nationality
简陋,jiǎn lòu,crude
土坯,tǔ pī,earthen brick
锄头,chú tóu,hoe
炊具,chuī jù,cooking utensils
燕窝,yàn wō,bird's nest
迁徙,qiān xǐ,migrate
筑巢,zhù cháo,build a nest
树丛,shù cóng,grove
总裁,zǒng cái,president (of a company)
话匣子,huà xiá zi,chatterbox
触礁,chù jiāo,run aground
黏稠度,nián chóu dù,viscosity
沥青,lì qīng,asphalt
洗涤,xǐ dí,wash
截瘫,jié tān,paraplegia
勘探,kān tàn,prospecting
庄园,zhuāng yuán,manor
白垩纪,bái è jì,Cretaceous
帆船,fán chuán,sailing boat
颠簸,diān bǒ,bumpy
寄予厚望,jì yǔ hòu wàng,place high hopes
濒死,bīn sǐ,near death
昆虫,kūn chóng,insect
甲虫,jiǎ chóng,beetle
索然,suǒ rán,dull
铁锹,tiě qiāo,shovel
刁难,diāo nàn,make things difficult
明信片,míng xìn piàn,postcard
争执,zhēng zhí,argue
蚕食,cán shí,erode
斧子,fǔ zi,axe
颁布,bān bù,promulgate
耕地,gēng dì,arable land
不动产,bù dòng chǎn,real estate
营造,yíng zào,build
签署,qiān shǔ,sign
议定书,yì dìng shū,protocol
萌芽,méng yá,germinate
濒危,bīn wēi,endangered
咫尺,zhǐ chǐ,close at hand
游丝,yóu sī,drifting thread
草坪,cǎo píng,lawn
甲板,jiǎ bǎn,deck
庄重,zhuāng zhòng,dignified
波涛,bō tāo,waves
墨鱼,mò yú,cuttlefish
棍子,gùn zi,stick
人行道,rén xíng dào,sidewalk
加油站,jiā yóu zhàn,gas station
不至于,bù zhì yú,not to the extent
榴莲,liú lián,durian
番石榴,fān shí liú,guava
异化,yì huà,alienation
贫乏,pín fá,lacking
激进,jī jìn,radical
铭刻,míng kè,engrave
恰当,qià dàng,appropriate
触角,chù jiǎo,antenna
招募,zhāo mù,recruit
演绎,yǎn yì,deduce
摇篮,yáo lán,cradle
弥合裂痕,mí hé liè hén,bridge the gap
欲望,yù wàng,desire
心悸,xīn jì,palpitation
截留,jié liú,intercept
袒露,tǎn lù,reveal
皈依,guī yī,convert
湮灭,yān miè,annihilation
漏斗,lòu dǒu,funnel
芯片,xīn piàn,chip
撮合,cuō hé,matchmake
容纳,róng nà,accommodate
吝啬,lìn sè,stingy
拣选,jiǎn xuǎn,select
雪茄,xuě jiā,cigar
徐徐,xú xú,slowly
鄙夷,bǐ yí,despise
运河,yùn hé,canal
惊动,jīng dòng,alarm
夺取,duó qǔ,seize
穿梭,chuān suō,shuttle
损坏,sǔn huài,damage
潜伏,qián fú,lurk
游荡,yóu dàng,roam
袭击,xí jī,attack
加捻,jiā niǎn,twist
列车,liè chē,train
车厢,chē xiāng,carriage
容忍,róng rěn,tolerate
怯生生,qiè shēng shēng,timid
整齐,zhěng qí,neat
揣手,chuāi shǒu,put hands in pockets
垫片,diàn piàn,gasket
船闸,chuán zhá,ship lock
牵引,qiān yǐn,pull
石墩,shí dūn,stone pier
异国他乡,yì guó tā xiāng,foreign land
开凿,kāi záo,excavate
运输船,yùn shū chuán,cargo ship
船舶,chuán bó,vessels
铰链,jiǎo liàn,hinge
古筝,gǔ zhēng,guzheng (instrument)
闲逛,xián guàng,stroll
利索,lì suo,nimble
失忆症,shī yì zhèng,amnesia
敷衍,fū yǎn,perfunctory
唠叨,láo dao,nag
王八蛋,wáng bā dàn,scoundrel
迹象,jì xiàng,sign
险些,xiǎn xiē,almost
僵硬,jiāng yìng,stiff
马达,mǎ dá,motor
转子,zhuàn zǐ,rotor
扳手,bān shǒu,wrench
轴承,zhóu chéng,bearing
绊倒,bàn dǎo,trip
隐蔽,yǐn bì,hide
色彩斑斓,sè cǎi bān lán,colorful
残骸,cán hái,wreckage
克服,kè fú,overcome
朝霞,zhāo xiá,morning glow
昌明,chāng míng,prosperous
冒昧,mào mèi,presumptuous
祖父,zǔ fù,grandfather
卑微,bēi wēi,humble
寂寥,jì liáo,lonely
和煦,hé xù,warm
焚烧,fén shāo,burn
有机,yǒu jī,organic
延迟,yán chí,delay
引诱,yǐn yòu,tempt
枯竭,kū jié,depleted
甄别,zhēn bié,screen
安定,ān dìng,stable
渺茫,miǎo máng,slim
涵义,hán yì,implication
狩猎,shòu liè,hunt
整齐划一,zhěng qí huá yī,uniform and orderly
意气风发,yì qì fēng fā,high-spirited and vigorous
穷乡僻壤,qióng xiāng pì rǎng,remote and desolate areas
坚定不移,jiān dìng bù yí,firm and unshakable
双喜临门,shuāng xǐ lín mén,double blessings
热火朝天,rè huǒ cháo tiān,bustling with activity
销声匿迹,xiāo shēng nì jì,disappear without a trace
似曾相识,sì céng xiāng shí,seemingly familiar
铁板一块,tiě bǎn yī kuài,unified and unyielding
不谙世事,bù ān shì shì,unacquainted with worldly affairs
两全其美,liǎng quán qí měi,benefit both sides
兵戎相见,bīng róng xiāng jiàn,meet in armed conflict
苟且偷生,gǒu qiě tōu shēng,live ignobly and seek survival at all costs
燎原之势,liáo yuán zhī shì,spreading like wildfire
摸爬滚打,mō pá gǔn dǎ,go through trials and tribulations
尽收眼底,jìn shōu yǎn dǐ,take in the entire scene
全神贯注,quán shén guàn zhù,fully focused
风调雨顺,fēng tiáo yǔ shùn,favorable weather for farming
付之一炬,fù zhī yī jù,set on fire and destroy
娇生惯养,jiāo shēng guàn yǎng,pampered and spoiled
例行公事,lì xíng gōng shì,routine work
弄巧成拙,nòng qiǎo chéng zhuō,outsmart oneself
众目睽睽,zhòng mù kuí kuí,in full view of everyone
不堪一击,bù kān yī jī,too fragile to withstand a single blow
骷髅,kū lóu,skeleton
患者,huàn zhě,patient
简直是,jiǎn zhí shì,simply is
光泽,guāng zé,luster
船坞,chuán wù,dock
镊子,niè zi,tweezers
蚀刻,shí kè,etch
磐石,pán shí,rock-solid foundation
立方体,lì fāng tǐ,cube
锥体,zhuī tǐ,cone
席卷,xí juǎn,sweep over
理会,lǐ huì,pay attention to
类比,lèi bǐ,analogy
浩渺,hào miǎo,vast and boundless
缤纷,bīn fēn,dazzling and colorful
掩蔽,yǎn bì,cover or conceal
觉悟,jué wù,realize or awaken
奇点,qí diǎn,singularity
嘲讽,cháo fěng,mock or ridicule
饶有兴趣,ráo yǒu xìng qù,very interesting
电荷,diàn hè,electric charge
衰变,shuāi biàn,decay
渲染,xuàn rǎn,render or exaggerate
坦然,tǎn rán,calm and composed
歧途,qí tú,wrong path
穷尽,qióng jìn,exhaust
褶皱,zhě zhòu,wrinkle or fold
晃动,huàng dòng,swing or shake
洞窟,dòng kū,cave
辐条,fú tiáo,spoke (of a wheel)
逼近,bī jìn,close in on
冒烟,mào yān,emit smoke
遵循,zūn xún,follow
汲取,jí qǔ,draw or absorb
违反,wéi fǎn,violate
牢固,láo gù,sturdy or secure
靠拢,kào lǒng,move closer
乳胶,rǔ jiāo,latex
窥见,kuī jiàn,catch a glimpse of
中断,zhōng duàn,interrupt
熵,shāng,entropy
颓废,tuí fèi,decadent or disheartened
拽,zhuài,pull or drag
田埂,tián gěng,ridge between fields
赶走,gǎn zǒu,drive away
瓢虫,piáo chóng,ladybug
竭尽,jié jìn,do one's utmost
产卵,chǎn luǎn,lay eggs
搀扶,chān fú,support by the arm
怜惜,lián xī,feel pity or compassion
湛蓝,zhàn lán,deep blue
藤蔓,téng màn,vine
丛生,cóng shēng,grow thickly
眺望,tiào wàng,look far into the distance
琴弦,qín xián,instrument string
仁慈,rén cí,benevolence or mercy
羔羊,gāo yáng,lamb
菩萨,pú sà,Bodhisattva
准则,zhǔn zé,guideline or principle
记叙,jì xù,narrate
保质期,bǎo zhì qī,shelf life
腰果,yāo guǒ,cashew
撒花,sǎ huā,sprinkle flowers (celebrate)
落枕,lào zhěn,stiff neck
遐想,xiá xiǎng,reverie or daydream
觅食,mì shí,forage for food
触须,chù xū,tentacle
植株,zhí zhū,plant
直角,zhí jiǎo,right angle
耸立,sǒng lì,tower over
峭壁,qiào bì,cliff
沟槽,gōu cáo,groove or trench
垂直,chuí zhí,vertical
蚁后,yǐ hòu,queen ant
节哀,jié āi,condolences
浮躁,fú zào,impetuous
瞳仁,tóng rén,pupil (of the eye)
昭示,zhāo shì,announce or demonstrate
欧氏几何,ōu shì jǐ hé,Euclidean geometry
迷宫,mí gōng,maze or labyrinth
终身,zhōng shēn,lifelong
蝈蝈,guō guo,grasshopper
蚁穴,yǐ xué,ant nest
缎带,duàn dài,ribbon
船舷,chuán xián,ship’s side
嘱咐,zhǔ fù,urge or exhort
装扮,zhuāng bàn,dress up
鱼缸,yú gāng,fish tank
捕捞,bǔ lāo,catch fish
渔船,yú chuán,fishing boat
工艺,gōng yì,craft or workmanship
污迹,wū jì,stain or smudge
近海,jìn hǎi,offshore
编队,biān duì,formation (military or naval)
驱逐舰,qū zhú jiàn,destroyer (warship)
补给,bǔ jǐ,supplies or replenishment
岳父,yuè fù,father-in-law
交错,jiāo cuò,interlaced or crisscross
沧桑,cāng sāng,changes over time
要塞,yào sài,fortress
脚手架,jiǎo shǒu jià,scaffolding
称职,chèng zhí,competent
防范,fáng fàn,take precautions
机要,jī yào,top-secret or confidential
枚,méi,measure word for small objects
孵化,fū huà,hatch
圆柱体,yuán zhù tǐ,cylinder
中止,zhōng zhǐ,suspend or terminate
拦截,lán jié,intercept
嘀嘀嗒嗒,dī dī tā tā,tick-tock (sound)
协调员,xié tiáo yuán,coordinator
惹事,rě shì,stir up trouble
恭维,gōng wéi,compliment
等着瞧,děng zhe qiáo,wait and see
作秀,zuò xiù,show off
后续,hòu xù,follow-up
拆迁户,chāi qiān hù,relocated household
甜腻,tián nì,overly sweet
充实,chōng shí,enrich or fulfill
陵园,líng yuán,mausoleum or cemetery
擤鼻涕,xǐng bí tì,blow one's nose
衰竭,shuāi jié,failure
不搭理,bù dā lǐ,ignore
融洽,róng qià,harmonious
交涉,jiāo shè,negotiate
墓穴,mù xué,tomb
遗漏,yí lòu,omit
太阳穴,tài yáng xué,temple (part of the head)
召唤,zhào huàn,summon
凄冷,qī lěng,chilly
尼古丁,ní gǔ dīng,nicotine
间隙,jiàn xì,gap
哽咽,gěng yè,choke with sobs
文本,wén běn,text
埋伏,mái fú,ambush
照样,zhào yàng,just as before
厌恶,yàn wù,detest
详尽,xiáng jìn,detailed
付诸,fù zhū,put into (action)
进而,jìn ér,further
委婉,wěi wǎn,tactful
忠诚,zhōng chéng,loyal
浩瀚,hào hàn,vast
文艺复兴,wén yì fù xīng,Renaissance
说服,shuō fú,persuade
帷幔,wéi màn,curtain
徽章,huī zhāng,badge
体积,tǐ jī,volume
储蓄,chǔ xù,savings
促成,cù chéng,facilitate
无偿,wú cháng,free of charge
倡导者,chàng dǎo zhě,advocate
诉讼,sù sòng,lawsuit
专利,zhuān lì,patent
推辞,tuī cí,decline
仅次于,jǐn cì yú,second only to
致使,zhì shǐ,cause
受挫,shòu cuò,frustrated
知晓,zhī xiǎo,know
财主,cái zhǔ,landlord
活该,huó gāi,deserve it
独处,dú chǔ,be alone
部署,bù shǔ,deploy
迂回,yū huí,circuitous
世代,shì dài,generations
争端,zhēng duān,dispute
费米,fèi mǐ,Fermi
悖论,bèi lùn,paradox
竭力,jié lì,do one's best
诚恳,chéng kěn,sincere
避暑,bì shǔ,escape the summer heat
利润,lì rùn,profit
罢休,bà xiū,give up
曾孙,zēng sūn,great-grandson
闹笑话,nào xiào huà,make a fool of oneself
发售,fā shòu,release (for sale)
勒马,lē mǎ,rein in the horse
赶紧,gǎn jǐn,hurry
囔囔,nāng nāng,mumble
诉说,sù shuō,tell
手帕,shǒu pà,handkerchief
擦拭,cā shì,wipe
净化,jìng huà,purify
本事,běn shi,skill
淋浴,lín yù,shower
曼妙,màn miào,graceful
昵称,nì chēng,nickname
梳子,shū zi,comb
惬意,qiè yì,pleasant
德性,dé xing,character
不屑于,bù xiè yú,disdain
恋尸癖,liàn shī pǐ,necrophilia
赤裸裸,chì luǒ luǒ,bare
诺亚方舟,nuò yà fāng zhōu,Noah’s Ark
忒损,tuī sǔn,mean
搜缴,sōu jiǎo,confiscate
大宪章,dà xiàn zhāng,Magna Carta
三六九等,sān liù jiǔ děng,all sorts of people
火箭,huǒ jiàn,rocket
女主特人,nǚ zhǔ tè rén,female protagonist
顽抗,wán kàng,resist
消防栓,xiāo fáng shuān,fire hydrant
迎头,yíng tóu,head-on
保险杠,bǎo xiǎn gàng,car bumper
分娩室,fēn miǎn shì,maternal delivery room
磨蚀,mó shí,erosion
修复,xiū fù,repair
压倒,yā dǎo,overwhelm
动荡,dòng dàng,turbulence
发愁,fā chóu,worry
口哨,kǒu shào,whistle
暧昧,ài mèi,ambiguously romantic relationship
抖落,dǒu luò,shake off
嫩主,nèn zhǔ,inexperienced leader
湊合,còu hé,make do
光輝,guāng huī,radiance
见习,jiàn xí,intern
余晖,yú huī,afterglow
舰首,jiàn shǒu,bow (of a ship)
浪谷,làng gǔ,trough (of waves)
泡沫,pào mò,foam
帽檐,mào yán,brim (of a hat)
预警,yù jǐng,early warning
晦气,huì qì,bad luck
制胜,zhì shèng,win
阿根廷,ā gēn tíng,Argentina
诸如,zhū rú,such as
在行,zài háng,good at
愈演愈烈,yù yǎn yù liè,increasing in intensity
栩栩如生,xǔ xǔ rú shēng,vivid and lifelike
多愁善感,duō chóu shàn gǎn,overly sentimental
若有所思,ruò yǒu suǒ sī,lost in thought
慈眉善目,cí méi shàn mù,kind-looking
忽略不计,hū lüè bù jì,to ignore entirely
胸无大志,xiōng wú dà zhì,unambitious
毫发无损,háo fà wú sǔn,unscathed
一览无遗,yī lǎn wú yí,with nothing left unseen
心领神会,xīn lǐng shén huì,to understand tacitly
高瞻远瞩,gāo zhān yuǎn zhǔ,with foresight
面红耳赤,miàn hóng ěr chì,florid with embarrassment or anger
一扫而光,yī sǎo ér guāng,sweep away completely
掩面而泣,yǎn miàn ér qì,cover one's face and weep
自作多情,zì zuò duō qíng,unreciprocated affection
分崩离析,fēn bēng lí xī,fall apart and scatter
鸡同鸭讲,jī tóng yā jiǎng,talk at cross purposes
轩然大波,xuān rán dà bō,huge controversy
天经地义,tiān jīng dì yì,morally right and proper
断子绝孙,duàn zǐ jué sūn,leave no descendants
刻不容缓,kè bù róng huǎn,urgent and pressing
每况愈下,měi kuàng yù xià,go from bad to worse
生生不息,shēng shēng bù xī,continual and endless
扶正祛邪,fú zhèng qū xié,support the good and dispel evil
皓首穷经,hào shǒu qióng jīng,study diligently into old age
挨家挨户,āi jiā āi hù,door to door
唯利是图,wéi lì shì tú,seeking profit only
只言片语,zhǐ yán piàn yǔ,a few words
节外生枝,jié wài shēng zhī,complicate matters
婆婆妈妈,pó po mā mā,fussy and nagging
手拿把攥,shǒu ná bǎ zuàn,firmly grasped
兴趣盎然,xìng qù àng rán,full of interest
良田万顷,liáng tián wàn qǐng,vast fertile land
鱼贯而出,yú guàn ér chū,file out one by one
知己知彼,zhī jǐ zhī bǐ,know yourself and your enemy
八竿子打不着,bā gān zi dǎ bù zháo,irrelevant or unrelated
螳螂,táng láng,praying mantis
利透,lì tòu,razor-sharp
窟窿,kū long,hole
攫取,jué qǔ,seize
话头,huà tóu,topic of conversation
城府,chéng fǔ,depth of character
随和,suí hé,amiable
格栅,gé shān,grating
栓绑,shuān bǎng,tie up
牢牢,láo láo,firmly
簿记,bù jì,bookkeeping
倦容,juàn róng,tired expression
到职,dào zhí,assume office
兼管,jiān guǎn,dual responsibility
顾及,gù jí,take into account
包涵,bāo hán,forgive
悬殊,xuán shū,huge disparity
不为过,bù wéi guò,not too much
高估,gāo gū,overestimate
肩负,jiān fù,shoulder (a responsibility)
伊始,yī shǐ,beginning
偏执症,piān zhí zhèng,paranoia
多疑,duō yí,suspicious
畏惧,wèi jù,fear
牵手,qiān shǒu,hold hands
寻开心,xún kāi xīn,tease
踩奶,cǎi nǎi,knead (like kittens)
低吟,dī yín,soft murmur
主观,zhǔ guān,subjective
客观,kè guān,objective
能动性,néng dòng xìng,initiative
思潮,sī cháo,ideological trend
尤为,yóu wéi,especially
消极,xiāo jí,negative
取决于,qǔ jué yú,depend on
楼阁,lóu gé,pavilion
镇静,zhèn jìng,calm
情结,qíng jié,complex (psychological)
振作,zhèn zuò,cheer up
属实,shǔ shí,TRUE
服役,fú yì,serve in the military
忧患意识,yōu huàn yì shí,sense of crisis
心扉,xīn fēi,heart
接踵,jiē zhǒng,follow one after another
资历,zī lì,qualifications
椰蓉,yē róng,coconut shreds
业余,yè yú,amateur
版税,bǎn shuì,royalty
谈不上,tán bú shàng,can’t be called
搂住,lǒu zhù,hold tightly
狡猾,jiǎo huá,sly
衣着,yī zhuó,clothing
述说,shù shuō,narrate
提线木偶,tí xiàn mù ǒu,marionette
吸吮,xī shǔn,suckle
水渍,shuǐ zì,water stain
转机,zhuǎn jī,turning point
怒号,nù háo,howl in rage
揪住,jiū zhù,grab
铜版纸,tóng bǎn zhǐ,coated paper
扉页,fēi yè,front page
华丽,huá lì,gorgeous
出乎,chū hū,out of (expectation)
尽情,jìn qíng,to one’s heart’s content
真挚,zhēn zhì,sincere
琐碎,suǒ suì,trivial
偷窥狂,tōu kuī kuáng,voyeur
莎士比亚,shā shì bǐ yà,Shakespeare
托尔斯泰,tuō ěr sī tài,Tolstoy
痉挛,jìng luán,spasm
解构主义,jiě gòu zhǔ yì,deconstructionism
象征主义,xiàng zhēng zhǔ yì,symbolism
非理性主义,fēi lǐ xìng zhǔ yì,irrationalism
催生素,cuī shēng sù,oxytocin
话锋,huà fēng,thread of conversation
面颊,miàn jiá,cheek
喜鹊,xǐ què,magpie
干涸,gān hé,dried up
枯草,kū cǎo,dead grass
砌体,qì tǐ,masonry
垛子,duǒ zi,buttress
玉米芯,yù mǐ xīn,corncob
极力,jí lì,try one’s best
轮胎,lún tāi,tire
轮轴,lún zhóu,axle
抛锚,pāo máo,break down (of vehicle or ship)
欣慰,xīn wèi,gratified
秸秆,jiē gǎn,straw
稠密,chóu mì,dense
维系,wéi xì,maintain
疆土,jiāng tǔ,territory
白砂糖,bái shā táng,white sugar
肋骨,lèi gǔ,rib
夏娃,xià wá,Eve
眉飞色舞, méi fēi sè wǔ, eyebrows raised and face aglow (elated expression)
玩世不恭, wán shì bù gōng, cynical and disrespectful
讨价还价, tǎo jià huán jià, bargain
不切实际, bù qiè shí jì, unrealistic
音容笑貌, yīn róng xiào mào, voice, appearance, and smile
铭心刻骨, míng xīn kè gǔ, etched in one's memory
点睛之笔, diǎn jīng zhī bǐ, the finishing touch
索然无味, suǒ rán wú wèi, dull and tasteless
乐此不疲, lè cǐ bù pí, enjoy something and never tire of it
旁征博引, páng zhēng bó yǐn, cite widely for support
支离破碎, zhī lí pò suì, fragmented
信马由缰, xìn mǎ yóu jiāng, let the horse go wherever it wants (carefree)
平淡无奇, píng dàn wú qí, ordinary and unremarkable
上蹿下跳, shàng cuān xià tiào, jump up and down (restless)
动弹不得, dòng tán bù dé, unable to move
如释重负, rú shì zhòng fù, feel as if relieved of a burden
手臂,shǒu bì,arm
坐落,zuò luò,situated
护航,hù háng,escort
话茬,huà chá,topic
净,jìng,clean
歼击机,jiān jī jī,fighter jet
尾迹,wěi jì,trail
洗漱,xǐ shù,wash up
漱口,shù kǒu,rinse mouth
面孔,miàn kǒng,face
生硬,shēng yìng,stiff
荣幸,róng xìng,honor
老成,lǎo chéng,experienced
环节,huán jié,link
巡逻,xún luó,patrol
未知,wèi zhī,unknown
左轮手枪,zuǒ lún shǒu qiāng,revolver
簇拥,cù yōng,cluster around
之际,zhī jì,on the eve of
大汉,dà hàn,Han dynasty person
豁然,huō rán,suddenly
纷繁,fēn fán,varied
床垫,chuáng diàn,mattress
纹路,wén lù,texture
代之以,dài zhī yǐ,replace with
赠送,zèng sòng,give as gift
倾覆,qīng fù,overturn
中叶,zhōng yè,mid-period
绝妙,jué miào,wonderful
堤坝,dī bà,dike
喝彩,hè cǎi,cheer
淑女,shū nǚ,lady
环顾,huán gù,look around
磋商,cuō shāng,consult
平行,píng xíng,parallel
介质,jiè zhì,medium
授予,shòu yǔ,bestow
敬意,jìng yì,respect
名义,míng yì,in the name of
屏息,píng xī,hold one’s breath
从容,cóng róng,composed
卸任,xiè rèn,leave office
撬动,qiào dòng,leverage
杠杆,gàng gǎn,lever
实质性,shí zhì xìng,substantive
削弱,xuē ruò,weaken
崛起,jué qǐ,emerge
无愧,wú kuì,be worthy of
螃蟹,páng xiè,crab
倔强,jué jiàng,stubborn
情理,qíng lǐ,reason
委内瑞拉,wěi nèi ruì lā,Venezuela
现任,xiàn rèn,currently in office
效仿,xiào fǎng,emulate
瞩目,zhǔ mù,attention-grabbing
燎原,liáo yuán,spread rapidly
势头,shì tou,momentum
游击,yóu jī,guerrilla warfare
批量,pī liàng,batch
命中,mìng zhōng,hit (target)
测高仪,cè gāo yí,altimeter
引信,yǐn xìn,fuse
上岸,shàng àn,succeed
甘草,gān cǎo,licorice
鲨鱼,shā yú,shark
药丸,yào wán,pill
睾丸,gāo wán,testicle
手铐,shǒu kào,handcuffs
面纱,miàn shā,veil
棉纱,mián shā,cotton yarn
压扁,yā biǎn,squash flat
壁虎,bì hǔ,gecko
硬币,yìng bì,coin
海豹,hǎi bào,seal
豹子,bào zi,leopard
轿车,jiào chē,sedan
战绩,zhàn jì,battle achievement
致意,zhì yì,pay respects
精神疾病,jīng shén jí bìng,mental illness
权威,quán wēi,authority
盈利,yíng lì,profit
贵宾,guì bīn,honored guest
笔挺,bǐ tǐng,straight and neat
快镜头,kuài jìng tóu,fast shot
探照灯,tàn zhào dēng,searchlight
荡漾,dàng yàng,ripple
斐然,fěi rán,remarkable
征用,zhēng yòng,requisition
便服,biàn fú,casual wear
军衔,jūn xián,military rank
螺丝,luó sī,screw
螺钉,luó dīng,screw bolt
苦差,kǔ chāi,drudgery
招待会,zhāo dài huì,reception
插槽,chā cáo,slot
僵局,jiāng jú,stalemate
迅捷,xùn jié,swift
充斥,chōng chì,flood with
荒诞,huāng dàn,absurd
铸造,zhù zào,cast (metal)
犁铧,lí huá,plowshare
休克,xiū kè,shock
顺畅,shùn chàng,smooth
扫描仪,sǎo miáo yí,scanner
抡,lūn,swing
轻率,qīng shuài,rash
性质,xìng zhì,nature; property
怏怏,yàng yàng,sullen
英俊,yīng jùn,handsome
钦佩,qīn pèi,admire
我呸,wǒ pēi,I spit! (expression of contempt)
浸渍,jìn zì,soak
鲜明,xiān míng,bright and distinct
烙印,lào yìn,brand mark
烙铁,lào tiě,soldering iron
戒备,jiè bèi,guard against
装束,zhuāng shù,attire
声明,shēng míng,statement
重申,chóng shēn,reaffirm
郡,jùn,county (historical)
普罗米修斯,pǔ luó mǐ xiū sī,Prometheus
魔咒,mó zhòu,curse
地球仪,dì qiú yí,globe
奔波,bēn bō,rush about
险峻,xiǎn jùn,steep and rugged
亚热带,yà rè dài,subtropical
审核,shěn hé,review
耸肩,sǒng jiān,shrug
筹备,chóu bèi,prepare
帷幄,wéi wò,tent (military); command tent
睿哲,ruì zhé,wise
退役,tuì yì,retire from military service
扛枪,káng qiāng,shoulder a gun
册封,cè fēng,confer a title
高傲,gāo ào,arrogant
决定论,jué dìng lùn,determinism
唯物论,wéi wù lùn,materialism
归属,guī shǔ,belong to
松弛,sōng chí,slack
坚毅,jiān yì,steadfast
依托,yī tuō,rely on
活跃分子,huó yuè fèn zǐ,activist
彗星,huì xīng,comet
立志,lì zhì,resolve to do
奇幻,qí huàn,fantasy
潜力,qián lì,potential
发动机,fā dòng jī,engine
马厩,mǎ jiù,stable
酒窝,jiǔ wō,dimple
酒窖,jiǔ jiào,wine cellar
游艇,yóu tǐng,yacht
放映室,fàng yìng shì,projection room
岂止,qǐ zhǐ,not only
情调,qíng diào,sentiment
审美,shěn měi,aesthetic
栈桥,zhàn qiáo,pier
叼,diāo,hold in the mouth
脉冲,mài chōng,pulse
伽马,jiā mǎ,gamma
公卿,gōng qīng,high officials
瓦刀,wǎ dāo,trowel
败坏,bài huài,corrupt
耳蜗,ěr wō,cochlea
重力,zhòng lì,gravity
刚一,gāng yī,just as
着地,zhuó dì,land (on ground)
勤务,qín wù,service duty
地牢,dì láo,dungeon
木屐,mù jī,wooden clogs
亲昵,qīn nì,intimate
悠扬,yōu yáng,melodious
听证,tīng zhèng,hearing
陈述,chén shù,state; present
懒惰,lǎn duò,lazy
愠色,yùn sè,angry look
辩护,biàn hù,defend
槌球,chuí qiú,croquet
适宜,shì yí,suitable
直白,zhí bái,blunt
胆怯,dǎn qiè,timid
挪威,nuó wēi,Norway
甭管,béng guǎn,never mind
碾碎,niǎn suì,crush
一概,yī gài,all without exception
余波,yú bō,aftermath
首邑,shǒu yì,capital city (ancient)
中旬,zhōng xún,middle ten days of a month
诱人,yòu rén,enticing
天籁,tiān lài,heavenly sound
滋味,zī wèi,taste
吊瓶,diào píng,IV bottle
余地,yú dì,leeway
赴死,fù sǐ,go to death
阁下,gé xià,your excellency
陈列,chén liè,display
火山岩,huǒ shān yán,volcanic rock
正值,zhèng zhí,just at (a time)
显影,xiǎn yǐng,develop (photo)
猿人,yuán rén,ape-man
愚钝,yú dùn,dull-witted
棘刺,jí cì,thorn
喘息,chuǎn xī,pant
啜泣,chuò qì,sob
娇嫩,jiāo nèn,delicate
呵护,hē hù,care for
刮风,guā fēng,windy
语塞,yǔ sè,speechless
逍遥,xiāo yáo,carefree
拎起,līn qǐ,pick up
坦率,tǎn shuài,frank
扑朔迷离,pū shuò mí lí,be confused and difficult to understand
不遗余力,bù yí yú lì,spare no effort
任其泛滥,rèn qí fàn làn,let something spread unchecked
千载难逢,qiān zǎi nán féng,once in a thousand years (very rare opportunity)
战无不胜,zhàn wú bù shèng,invincible
以弱胜强,yǐ ruò shèng qiáng,use the weak to defeat the strong
温文尔雅,wēn wén ěr yǎ,gentle and cultivated
泾渭不分,jīng wèi bù fēn,unable to distinguish right from wrong
浮光掠影,fú guāng lüè yǐng,superficial impression
含情脉脉,hán qíng mò mò,tender and sentimental
举世瞩目,jǔ shì zhǔ mù,attract worldwide attention
双手合十,shuāng shǒu hé shí,put both palms together (in prayer)
鼠目寸光,shǔ mù cùn guāng,short-sighted
鸦雀无声,yā què wú shēng,silence reigns
遥遥相对,yáo yáo xiāng duì,far apart facing each other
全然不知,quán rán bù zhī,completely unaware
奄奄一息,yǎn yǎn yì xī,on the verge of death
不拘小节,bù jū xiǎo jié,not bothered about trifles
荷枪实弹,hé qiāng shí dàn,armed with live ammunition
百思不得其解,bǎi sī bù dé qí jiě,remain puzzled after pondering over a hundred times
一了百了,yì liǎo bǎi liǎo,end a matter once and for all
出言不逊,chū yán bù xùn,speak rudely or insolently
推心置腹,tuī xīn zhì fù,treat somebody with all sincerity
正襟危坐,zhèng jīn wēi zuò,sit upright in a serious manner
一应俱全,yí yīng jù quán,everything one could wish for is provided
惹人讨厌,rě rén tǎo yàn,make people annoyed
在天之灵,zài tiān zhī líng,spirit in heaven
津津有味,jīn jīn yǒu wèi,with great pleasure
愚不可及,yú bù kě jí,extremely stupid
班门弄斧,bān mén nòng fǔ,show off in front of an expert
袖手旁观,xiù shǒu páng guān,look on unconcerned
相敬如宾,xiāng jìng rú bīn,respect each other like guests
窃窃私语,qiè qiè sī yǔ,whisper privately
自知之明,zì zhī zhī míng,self-knowledge
一锤定音,yì chuí dìng yīn,strike the nail on the head
手拿把掐,shǒu ná bǎ qiā,hold tightly in one’s hands
同流合污,tóng liú hé wū,associate with evil people
恍若隔世,huǎng ruò gé shì,as if separated by a lifetime
欲仙欲死,yù xiān yù sǐ,intoxicated with pleasure
上吐下泻,shàng tǔ xià xiè,vomit and have diarrhea
扭转乾坤,niǔ zhuǎn qián kūn,reverse a desperate situation
脱口而出,tuō kǒu ér chū,burst out saying
冉冉上升,rǎn rǎn shàng shēng,rising slowly
白驹过隙,bái jū guò xì,time flies like a white colt passing a gap
无精打采,wú jīng dǎ cǎi,listless and dispirited
五体投地,wǔ tǐ tóu dì,prostrate in admiration
泡泡,pào pào,bubble
博弈论,bó yì lùn,game theory
殴打,ōu dǎ,beat up
原告,yuán gào,plaintiff
被告,bèi gào,defendant
羞涩,xiū sè,shy
飘渺,piāo miǎo,vague and illusory
干草垛,gān cǎo duǒ,haystack
戎装,róng zhuāng,military uniform
绽放,zhàn fàng,bloom
敞篷车,chǎng péng chē,convertible car
裸露,luǒ lù,exposed
清冽,qīng liè,cold and refreshing
羽绒服,yǔ róng fú,down jacket
雪崩,xuě bēng,avalanche
眯眼,mī yǎn,squint
铝,lǚ,aluminum
合金,hé jīn,alloy
起搏器,qǐ bó qì,pacemaker
帷帐,wéi zhàng,curtain; tent
脸庞,liǎn páng,face
暗自,àn zì,privately; secretly
胯骨,kuà gǔ,hip bone
胯裆,kuà dāng,crotch
柔韧,róu rèn,flexible and tough
韧性,rèn xìng,toughness; tenacity
骡子,luó zi,mule
游览,yóu lǎn,visit; go sightseeing
想必,xiǎng bì,probably
顽皮,wán pí,naughty
阿富汗,Ā fù hàn,Afghanistan
清真寺,qīng zhēn sì,mosque
咆哮,páo xiào,roar
托人,tuō rén,ask someone for help
牧师,mù shī,priest; pastor
戏谑,xì xuè,banter; tease
钻石,zuàn shí,diamond
扬眉,yáng méi,raise eyebrows
真主,zhēn zhǔ,Allah
睿智,ruì zhì,wise
马鞍,mǎ ān,saddle
蓄须,xù xū,wear a beard
喧嚣,xuān xiāo,noisy
过期,guò qī,expired
领会,lǐng huì,comprehend
敦促,dūn cù,urge
木乃伊,mù nǎi yī,mummy
法老,fǎ lǎo,pharaoh
魅影,mèi yǐng,phantom
亭台楼榭,tíng tái lóu xiè,pavilions and towers
夜宵,yè xiāo,late-night snack
涓涓,juān juān,trickling
巅峰,diān fēng,peak
坍缩,tān suō,collapse
伴奏,bàn zòu,accompaniment
湮没,yān mò,submerge; be obliterated
推进剂,tuī jìn jì,propellant
写真,xiě zhēn,portrait
命名法,mìng míng fǎ,nomenclature
划痕,huá hén,scratch
可行性,kě xíng xìng,feasibility
瑕疵,xiá cī,flaw
定格,dìng gé,freeze-frame
轴线,zhóu xiàn,axis line
截面,jié miàn,cross-section
喃喃,nán nán,mutter
垂首,chuí shǒu,hang one’s head
肃穆,sù mù,solemn
开药,kāi yào,prescribe medicine
放鸽,fàng gē,stand someone up
号召力,hào zhào lì,appeal; charisma
琐事,suǒ shì,trivial matters
谦卑,qiān bēi,humility
喜马拉雅,Xǐ mǎ lā yǎ,Himalaya
果敢,guǒ gǎn,resolute
一贯,yí guàn,consistent
量变,liàng biàn,quantitative change
增援,zēng yuán,reinforcement
光标,guāng biāo,cursor
现役,xiàn yì,active service
全盘,quán pán,overall
海拔,hǎi bá,altitude
虚度,xū dù,idle away
仆役,pú yì,servant
体贴,tǐ tiē,thoughtful
刽子手,guì zi shǒu,executioner
恭敬,gōng jìng,respectful
逮捕,dài bǔ,arrest
绞索,jiǎo suǒ,noose
坟墓,fén mù,tomb
屠刀,tú dāo,butcher’s knife
发扬,fā yáng,carry forward
奸诈,jiān zhà,treacherous
喉结,hóu jié,Adam’s apple
焕发,huàn fā,radiate
红晕,hóng yùn,flushed
不理睬,bù lǐ cǎi,ignore
可憎,kě zēng,hateful
偏执,piān zhí,paranoid
失言,shī yán,slip of the tongue
断层扫描,duàn céng sǎo miáo,CT scan
核磁共振,hé cí gòng zhèn,MRI
神经元,shén jīng yuán,neuron
帧率,zhēn lǜ,frame rate
集成电路,jí chéng diàn lù,integrated circuit
翻一番,fān yì fān,double
怜悯,lián mǐn,pity
大雁,dà yàn,wild goose
娟秀,juān xiù,graceful
绑架,bǎng jià,kidnap
连任,lián rèn,re-election
折衷,zhé zhōng,compromise
动辄,dòng zhé,frequent; at every turn
奢谈,shē tán,wild talk
精心,jīng xīn,meticulous
此话怎讲,cǐ huà zěn jiǎng,what do you mean by that
功利,gōng lì,utilitarian
要挟,yāo xié,threaten
卑鄙,bēi bǐ,despicable
空腹,kōng fù,empty stomach
航天飞机,háng tiān fēi jī,space shuttle
换代产品,huàn dài chǎn pǐn,next-generation product
孜然,zī rán,cumin
谋求,móu qiú,seek
配备,pèi bèi,equip
表扬,biǎo yáng,praise
扩音器,kuò yīn qì,loudspeaker
考核,kǎo hé,assess
注定,zhù dìng,destined
滑行,huá xíng,glide
娘胎,niáng tāi,mother’s womb
攥紧,zuàn jǐn,clench
怒吼,nù hǒu,roar
化疗,huà liáo,chemotherapy
毅然决然,yì rán jué rán,resolutely and decisively
亡羊补牢未为晚也,wáng yáng bǔ láo wèi wéi wǎn yě,better late than never
不孝有三无后为大,bù xiào yǒu sān wú hòu wéi dà,of the three unfilial acts, having no descendants is the worst
朝思暮想,zhāo sī mù xiǎng,to yearn for day and night
斩尽杀绝,zhǎn jìn shā jué,to kill and destroy completely
壁立千仞,bì lì qiān rèn,stand like a lofty cliff
搔首弄姿,sāo shǒu nòng zī,to pose coquettishly
力所能及,lì suǒ néng jí,within one’s power
顺理成章,shùn lǐ chéng zhāng,logical and natural
不胫而走,bù jìng ér zǒu,to spread rapidly (news/rumors)
戒备森严,jiè bèi sēn yán,heavily guarded
忧心忡忡,yōu xīn chōng chōng,full of anxiety
心力交瘁,xīn lì jiāo cuì,exhausted in body and mind
小心谨慎,xiǎo xīn jǐn shèn,cautious and prudent
兴味索然,xìng wèi suǒ rán,uninterested
雷霆万钧,léi tíng wàn jūn,irresistible force
不虚此行,bù xū cǐ xíng,not a wasted trip
无微不至,wú wēi bù zhì,meticulous
严阵以待,yán zhèn yǐ dài,to wait in full battle array
身首异处,shēn shǒu yì chù,beheaded
忍辱负重,rěn rǔ fù zhòng,endure humiliation to bear a heavy responsibility
无忧无虑,wú yōu wú lǜ,carefree
弦外之音,xián wài zhī yīn,subtext; implied meaning
安然无恙,ān rán wú yàng,safe and sound
无可厚非,wú kě hòu fēi,not much to blame
投机取巧,tóu jī qǔ qiǎo,to seize every opportunity for personal gain
哗众取宠,huá zhòng qǔ chǒng,to pander to the crowd
久闻大名,jiǔ wén dà míng,have long heard of your great name
后患无穷,hòu huàn wú qióng,endless future trouble
墨守成规,mò shǒu chéng guī,to stick to conventions
听天由命,tīng tiān yóu mìng,to resign oneself to fate
生米煮成熟饭,shēng mǐ zhǔ chéng shú fàn,what’s done is done
海鸥,hǎi ōu,seagull
圆锥,yuán zhuī,cone
赞赏,zàn shǎng,admire
会面,huì miàn,meet
堵塞,dǔ sè,block
咀嚼,jǔ jué,chew
念珠,niàn zhū,rosary
萧瑟,xiāo sè,desolate
锐利,ruì lì,sharp
磨损,mó sǔn,wear down
添加剂,tiān jiā jì,additive
防腐剂,fáng fǔ jì,preservative
蜷伏,quán fú,curl up
跌幅,diē fú,decline range
碰撞,pèng zhuàng,collision
柑橘,gān jú,citrus
对称,duì chèn,symmetric
纤维,xiān wéi,fiber
摄氏度,shè shì dù,Celsius
华氏度,huá shì dù,Fahrenheit
匹配数据,pǐ pèi shù jù,match data
掩体,yǎn tǐ,shelter; bunker
妒忌,dù jì,jealous
禽流感,qín liú gǎn,bird flu
痊愈,quán yù,recover completely
勤杂工,qín zá gōng,janitor
法案,fǎ àn,bill; act
地窖,dì jiào,cellar
煞白,shà bái,pale
疫情,yì qíng,epidemic situation
撒播,sǎ bō,scatter; spread
肝脏,gān zàng,liver
心肺,xīn fèi,heart and lungs
腹腔,fù qiāng,abdominal cavity
突兀,tū wù,abrupt; towering
呻吟,shēn yín,groan
挑明,tiǎo míng,make clear
铺设,pū shè,lay; install
痛风,tòng fēng,gout
债券,zhài quàn,bond
凭证,píng zhèng,voucher; certificate
标度,biāo dù,scale
稀罕,xī han,rare; precious
卧铺车,wò pù chē,sleeper car
砖窑,zhuān yáo,brick kiln
巷道,xiàng dào,tunnel
泥泞,ní nìng,muddy
驱车,qū chē,drive (a car)
陪衬,péi chèn,foil; contrast
拘留,jū liú,detain
皑皑,ái ái,snowy white
陨石,yǔn shí,meteorite
住宅,zhù zhái,residence
钟爱,zhōng ài,deeply love
踏实,tā shi,down-to-earth
特遣,tè qiǎn,tasked (special duty)
显微镜,xiǎn wēi jìng,microscope
车床,chē chuáng,lathe
镍,niě,nickel
亚磷,yà lín,phosphorus
硅谷,guī gǔ,Silicon Valley
硫,liú,sulfur
铺垫,pū diàn,foreshadow; pave the way
还价,huán jià,bargain
车间,chē jiān,workshop
碎屑,suì xiè,fragments; debris
钳子,qián zi,pliers
硝烟,xiāo yān,gunpowder smoke
坚如磐石,jiān rú pán shí,as solid as a rock
曙光在前头,shǔ guāng zài qián tou,dawn is ahead; hope is near
生机盎然,shēng jī àng rán,full of vitality
大千世界,dà qiān shì jiè,the vast world
适者生存,shì zhě shēng cún,survival of the fittest
望而生畏,wàng ér shēng wèi,to look and feel afraid
戛然而止,jiá rán ér zhǐ,stop abruptly
莫名其妙,mò míng qí miào,inexplicable; baffling
风花雪月,fēng huā xuě yuè,sentimental or romantic talk
装腔作势,zhuāng qiāng zuò shì,put on airs
同日而语,tóng rì ér yǔ,mention in the same breath
老态龙钟,lǎo tài lóng zhōng,decrepit and aged
茫然若失,máng rán ruò shī,at a loss
哑然失笑,yǎ rán shī xiào,break into an involuntary laugh
鲜艳夺目,xiān yàn duó mù,bright and dazzling
势均力敌,shì jūn lì dí,evenly matched
自得其乐,zì dé qí lè,find joy in one’s own way
好了伤疤忘了疼,hǎo le shāng bā wàng le téng,forget the pain once the scar heals
震耳欲聋,zhèn ěr yù lóng,deafening
常驻,cháng zhù,permanently stationed
游牧,yóu mù,nomadic
惯例,guàn lì,convention; usual practice
逆流,nì liú,go against the current
只身,zhī shēn,alone; by oneself
脐带,qí dài,umbilical cord
依附,yī fù,depend on; attach to
过渡,guò dù,transition
飞溅,fēi jiàn,splash; spatter
验尸,yàn shī,autopsy
周密,zhōu mì,thorough; meticulous
波澜,bō lán,waves; ups and downs
悸动,jì dòng,palpitation; emotional stir
损伤,sǔn shāng,damage; injury
敬挽,jìng wǎn,condolence wreath
殡仪馆,bìn yí guǎn,funeral home
唤醒,huàn xǐng,awaken
直至,zhí zhì,until; up to
绝后,jué hòu,never to be duplicated
突触,tū chù,synapse
火药,huǒ yào,gunpowder
璀璨,cuǐ càn,brilliant; dazzling
命题,mìng tí,proposition; thesis
受试者,shòu shì zhě,test subject
浩淼,hào miǎo,vast and misty
骨灰,gǔ huī,ashes (of the dead)
愚昧,yú mèi,ignorant; foolish
团伙,tuán huǒ,gang; criminal group
迫害,pò hài,persecute
嘶哑,sī yǎ,hoarse
颓然,tuí rán,dejected; dispirited
搏斗,bó dòu,struggle; fight
局部,jú bù,partial; local
超标,chāo biāo,exceed the limit
反应堆,fǎn yìng duī,reactor (nuclear)
摩登,mó dēng,modern
省略,shěng lüè,omit
施加,shī jiā,apply; exert
重获,chóng huò,regain
嘈杂,cáo zá,noisy
汗颜,hàn yán,feel ashamed
喧哗,xuān huá,noisy; uproarious
预言,yù yán,prophecy; prediction
表决,biǎo jué,vote; decide by vote
议案,yì àn,proposal; motion
救济,jiù jì,relief; aid
篡改,cuàn gǎi,tamper with; falsify
花岗岩,huā gāng yán,granite
口齿不清,kǒu chǐ bù qīng,slurred speech
文职,wén zhí,civilian post
谦逊,qiān xùn,modest; humble
外遇,wài yù,affair; extramarital relationship
瑟瑟,sè sè,trembling; rustling
丧事,sāng shì,funeral affairs
唯物主义,wéi wù zhǔ yì,materialism
天鹅绒,tiān é róng,velvet
镌刻,juān kè,engrave; carve
牛轭,niú è,oxbow
失明,shī míng,blindness
侍奉,shì fèng,serve; attend upon
快捷,kuài jié,fast; efficient
核对,hé duì,check; verify
合拢,hé lǒng,close; join together
胁迫,xié pò,coerce; threaten
头衔,tóu xián,title; rank
抵达,dǐ dá,arrive
冷冽,lěng liè,chilly; biting cold
诱发,yòu fā,induce; trigger
热衷,rè zhōng,be keen on; be enthusiastic about
节省,jié shěng,save; economize
堡垒,bǎo lěi,fortress
绸缎,chóu duàn,silk; satin
托梦,tuō mèng,appear in a dream
扶贫,fú pín,poverty alleviation
普洱,pǔ ěr,Pu’er (a type of tea)
贤才,xián cái,virtuous and talented person
吐槽,tǔ cáo,complain; roast
悼念,dào niàn,mourn; commemorate
棺材,guān cái,coffin
疑似,yí sì,suspected; seemingly
坛子,tán zi,jar; altar
棺木,guān mù,coffin
鼎盛,dǐng shèng,prosperous; at its peak
自我主义,zì wǒ zhǔ yì,egotism; individualism
集体主义,jí tǐ zhǔ yì,collectivism
奶嘴经济,nǎi zuǐ jīng jì,pacifier economy (overprotective dependency)
浑浊,hún zhuó,murky; muddy
沐猴而冠,mù hóu ér guàn,a monkey in a crown (hypocrite with false dignity)
脊梁,jǐ liáng,spine; backbone
扣押,kòu yā,detain; seize
凌乱,líng luàn,messy; disorderly
梳理,shū lǐ,sort out; comb through
俯视,fǔ shì,look down at
搜集,sōu jí,collect; gather
理工,lǐ gōng,science and engineering
治国,zhì guó,govern the country
殆尽,dài jìn,almost exhausted
加剧,jiā jù,intensify; aggravate
屈辱,qū rǔ,humiliation; disgrace
犹如,yóu rú,as if; like
叙事,xù shì,narration; narrative
主攻,zhǔ gōng,focus on; main attack
深耕,shēn gēng,deep cultivation; intensive study
纰漏,pī lòu,error; omission
逃逸,táo yì,escape; flee
乐章,yuè zhāng,movement (of music)
武夫,wǔ fū,warrior; brute
鲁莽,lǔ mǎng,rash; reckless
粗放,cū fàng,extensive; rough
剽悍,piāo hàn,valiant; bold
肿胀,zhǒng zhàng,swollen
不可捉摸,bù kě zhuō mō,incomprehensible; unfathomable
坚韧不拔,jiān rèn bù bá,firm and unyielding
挑拨离间,tiǎo bō lí jiàn,sow discord
无神论者,wú shén lùn zhě,atheist
手无缚鸡之力,shǒu wú fù jī zhī lì,too weak to truss a chicken
节哀顺变,jié āi shùn biàn,restrain grief and accept fate
停滞不前,tíng zhì bù qián,stagnate; make no progress
瞬息万变,shùn xī wàn biàn,ever-changing
饱经风霜,bǎo jīng fēng shuāng,weather-beaten; experienced
惨淡经营,cǎn dàn jīng yíng,struggle to run (a business or life)
万念俱灰,wàn niàn jù huī,desperate; utterly disheartened
薄弱环节,bó ruò huán jié,weak link
大势已去,dà shì yǐ qù,the situation is lost
居高临下,jū gāo lín xià,commanding from a height
娓娓而谈,wěi wěi ér tán,speak engagingly
言行一致,yán xíng yí zhì,words and actions in accord
豁免,huò miǎn,immunity
财政,cái zhèng,finance
粗俗,cū sú,vulgar
至高无上,zhì gāo wú shàng,supreme
歇斯底里,xiē sī dǐ lǐ,hysterical
伎俩,jì liǎng,trick
海滨,hǎi bīn,seaside
加勒比,jiā lè bǐ,Caribbean
伏击,fú jī,ambush
哥伦比亚,gē lún bǐ yà,Colombia
驰骋,chí chěng,gallop; run freely
冲垮,chōng kuǎ,break through
颤巍巍,chàn wēi wēi,trembling
牙买加,yá mǎi jiā,Jamaica
挑大梁,tiāo dà liáng,play a leading role
牢记,láo jì,keep firmly in mind
殷殷,yīn yīn,earnest
嘱托,zhǔ tuō,entrust
意向,yì xiàng,intent
关机,guān jī,turn off (device)
影碟,yǐng dié,DVD; video disc
适应性,shì yìng xìng,adaptability
值机,zhí jī,check-in (at airport)
司令员,sī lìng yuán,commander
繁重,fán zhòng,heavy; burdensome
苦闷,kǔ mèn,depressed
希冀,xī jì,hope for
凭吊,píng diào,mourn; pay respects
遗嘱,yí zhǔ,will; testament
积蓄,jī xù,savings
容器,róng qì,container
盛装,shèng zhuāng,dress up; attire
反刍,fǎn chú,ruminate
大褂,dà guà,long gown
激活,jī huó,activate
过道,guò dào,aisle
慑服,shè fú,intimidated; subdued
写实,xiě shí,realistic
呆滞,dāi zhì,sluggish; dull
祖母,zǔ mǔ,grandmother
卖老,mài lǎo,act senior; throw one’s weight around
了不得,liǎo bu dé,extraordinary
溃烂,kuì làn,ulcerate
枯黄,kū huáng,withered yellow
生涩,shēng sè,stiff; unpolished
澎湃,péng pài,surging; powerful
例行,lì xíng,routine
自顾自,zì gù zì,self-absorbed
煎熬,jiān áo,suffer
力矩,lì jǔ,torque
划桨,huá jiǎng,row (a boat)
核实,hé shí,verify
端倪,duān ní,clue
隶属,lì shǔ,be subordinate to
颔首微笑,hàn shǒu wēi xiào,nod and smile
逾越,yú yuè,transgress; go beyond
壁垒,bì lěi,barrier; rampart
延误,yán wù,delay
骨折,gǔ zhé,fracture
邮编,yóu biān,postal code
特此,tè cǐ,hereby
眼眶,yǎn kuàng,eye socket
剿灭,jiǎo miè,exterminate
土老帽,tǔ lǎo mào,bumpkin
胸针,xiōng zhēn,brooch
安顿,ān dùn,settle
皮革,pí gé,leather
冷傲,lěng ào,cold and arrogant
信奉,xìn fèng,believe in
憎恶,zēng wù,loathe
支配力,zhī pèi lì,control power
鳞片,lín piàn,scale
领悟,lǐng wù,realize
金融,jīn róng,finance
证券,zhèng quàn,securities
随即,suí jí,immediately
穷光蛋,qióng guāng dàn,penniless person
通货,tōng huò,currency
不妥,bù tuǒ,inappropriate
窃听,qiè tīng,eavesdrop
振动,zhèn dòng,vibration
稻穗,dào suì,rice ear
贼船,zéi chuán,shady situation
绞丝,jiǎo sī,twisted silk/thread
围拢,wéi lǒng,gather around
怡人,yí rén,pleasant
疾风,jí fēng,gale
缩略图,suō lüè tú,thumbnail
手纸,shǒu zhǐ,toilet paper
愧疚,kuì jiù,guilty
豁达,huò dá,open-minded
散架,sǎn jià,fall apart
历练,lì liàn,experience
揉和,róu hé,blend
当真,dàng zhēn,really
妄想症,wàng xiǎng zhèng,delusion
妄想,wàng xiǎng,delusion; fantasy
妞妞,niū niu,little girl (nickname)
控告,kòng gào,accuse
备份,bèi fèn,backup
强制,qiáng zhì,force
发誓,fā shì,swear
侍者,shì zhě,waiter/waitress
武侠,wǔ xiá,martial arts (genre)
剖腹产,pōu fù chǎn,c-section
处方药,chǔ fāng yào,prescription drug
未遂,wèi suì,attempted (not succeeded)
后脑勺,hòu nǎo sháo,back of head
触手,chù shǒu,tentacle
捅破,tǒng pò,poke through
扑倒,pū dǎo,tackle; knock down
犯傻,fàn shǎ,act silly
疏忽,shū hū,negligence
城郭,chéng guō,city walls
恳请,kěn qǐng,earnestly request
行当,háng dang,trade; profession
兼容,jiān róng,compatible
浩荡,hào dàng,mighty; vast
屋檐,wū yán,eaves
导盲犬,dǎo máng quǎn,guide dog
绝育,jué yù,neuter; sterilize
造黄谣,zào huáng yáo,spread obscene rumors
东北踹,dōng běi chuài,Northeast-style kick
电话粥,diàn huà zhōu,long phone chat
厌食症,yàn shí zhèng,anorexia
老泪纵横,lǎo lèi zòng héng,tears streaming down an old face
弥留之际,mí liú zhī jì,on one’s deathbed
无疾而终,wú jí ér zhōng,die of no apparent illness
将信将疑,jiāng xìn jiāng yí,half-believing
喃喃自语,nán nán zì yǔ,mutter to oneself
赞叹不已,zàn tàn bù yǐ,praise endlessly
绰绰有余,chuò chuò yǒu yú,more than enough
一瘸一拐,yì qué yì guǎi,limp along
眼花缭乱,yǎn huā liáo luàn,dazzling
没心没肺,méi xīn méi fèi,heartless
及时行乐,jí shí xíng lè,live in the moment
见死不救,jiàn sǐ bù jiù,refuse to help
惊慌失措,jīng huāng shī cuò,flustered
惊魂未定,jīng hún wèi dìng,still terrified
靡靡之音,mí mí zhī yīn,decadent music
搓手顿脚,cuō shǒu dùn jiǎo,stamp and fret
奠基,diàn jī,lay a foundation
举措,jǔ cuò,measure
中和,zhōng hé,neutralize
了却,liǎo què,settle once and for all
胜任,shèng rèn,be competent for
赞许,zàn xǔ,praise
停泊,tíng bó,anchor
磷光,lín guāng,phosphorescence
俯卧撑,fǔ wò chēng,push-up
赴任,fù rèn,take up a post
巡航,xún háng,cruise
迫使,pò shǐ,force
夭折,yāo zhé,die young
精神家园,jīng shén jiā yuán,spiritual home
旗舰,qí jiàn,flagship
性能,xìng néng,performance
草蜢,cǎo měng,grasshopper
手记,shǒu jì,notes
鱼雷,yú léi,torpedo
操典,cāo diǎn,manual
自如,zì rú,with ease
修长,xiū cháng,slender
秀发,xiù fà,lustrous hair
晢,zhé,bright
颈项,jǐng xiàng,neck
俏皮,qiào pí,playful
晾干,liàng gān,air-dry
遮阳篷,zhē yáng péng,awning
捶打,chuí dǎ,pound
产权,chǎn quán,property rights
拆迁,chāi qiān,demolish and relocate
屹立,yì lì,stand tall
绿洲,lǜ zhōu,oasis
转型,zhuǎn xíng,transform
奸人,jiān rén,villain
不妙,bù miào,not good
消磨,xiāo mó,wear away
斗志,dòu zhì,fighting spirit
挨饿,ái è,go hungry
法令,fǎ lìng,decree
侵蚀,qīn shí,erode
饥饿,jī è,hunger
进军,jìn jūn,advance
影像,yǐng xiàng,image
折寿,zhé shòu,shorten one’s life
抚平,fǔ píng,sooth
名言,míng yán,famous saying
启蒙运动,qǐ méng yùn dòng,Enlightenment
铁心,tiě xīn,determined
邪门,xié mén,weird
览器,lǎn qì,viewer
仪表盘,yí biǎo pán,dashboard
休眠,xiū mián,hibernate
待命,dài mìng,on standby
注射,zhù shè,inject
溪流,xī liú,stream
鳄鱼,è yú,crocodile
指望,zhǐ wàng,expect
离子,lí zǐ,ion
技师,jì shī,technician
妖艳,yāo yàn,seductively beautiful
官僚,guān liáo,bureaucrat
戳穿,chuō chuān,expose
成天,chéng tiān,all day long
翻跟头,fān gēn tou,do somersaults
辩解,biàn jiě,argue in defense
泊位,bó wèi,berth
脏水,zāng shuǐ,dirty water
开采,kāi cǎi,extract
匮乏,kuì fá,lack
鸡肋,jī lèi,something of little value
爆破,bào pò,blast
载入史册,zài rù shǐ cè,go down in history
倾泻,qīng xiè,pour down
飓风,jù fēng,hurricane
载荷,zài hè,payload
机动性,jī dòng xìng,mobility
时滞,shí zhì,time lag
训斥,xùn chì,scold
极致,jí zhì,extreme
星辰,xīng chén,stars
锚点,máo diǎn,anchor point
椭圆形,tuǒ yuán xíng,elliptical
丑陋,chǒu lòu,ugly
缩影,suō yǐng,microcosm
富含,fù hán,be rich in
成分,chéng fèn,component
叛逃,pàn táo,defect
依稀可见,yī xī kě jiàn,faintly visible
折返点,zhé fǎn diǎn,turning point
成吉思汗,Chéng jí sī hán,Genghis Khan
弩弓,nǔ gōng,crossbow
抗衡,kàng héng,contend with
装甲,zhuāng jiǎ,armor
缴获,jiǎo huò,seize
辱骂,rǔ mà,insult
碾轧,niǎn yà,crush
病榻,bìng tà,sickbed
违背,wéi bèi,violate
褒义,bāo yì,positive meaning
含蓄,hán xù,implicit
至关重要,zhì guān zhòng yào,crucially important
无异于,wú yì yú,no different from
拟定,nǐ dìng,draft
插曲,chā qǔ,interlude
主旨,zhǔ zhǐ,main idea
东郭先生,Dōng Guō Xiān shēng,a foolishly kind person
反弹,fǎn dàn,rebound
抛掷,pāo zhì,throw
慈善,cí shàn,charity
自身,zì shēn,oneself
庆贺,qìng hè,congratulate
胴体,dòng tǐ,body
宰杀,zǎi shā,slaughter
阅兵,yuè bīng,military parade
傲然,ào rán,proudly
收敛,shōu liǎn,restrain
按部就班,àn bù jiù bān,follow the prescribed order
层峦叠嶂,céng luán dié zhàng,layer upon layer of mountains
力争上游,lì zhēng shàng yóu,strive to advance
首屈一指,shǒu qū yī zhǐ,second to none
招摇撞骗,zhāo yáo zhuàng piàn,swindle by flaunting
人人自危,rén rén zì wēi,everyone feels insecure
初露端倪,chū lù duān ní,first show signs
付之一笑,fù zhī yī xiào,dismiss with a laugh
掀天揭地,xiān tiān jiē dì,earth-shaking
距离产生美,jù lí chǎn shēng měi,distance makes beauty
争名夺利,zhēng míng duó lì,scramble for fame and profit
骇人听闻,hài rén tīng wén,shocking and appalling
刻骨铭心,kè gǔ míng xīn,unforgettable
不约而同,bù yuē ér tóng,happen to agree without prior arrangement
独步一时,dú bù yī shí,unmatched for a time
热泪盈眶,rè lèi yíng kuàng,tears welling up
嚎啕大哭,háo táo dà kū,wail loudly
有口皆碑,yǒu kǒu jiē bēi,widely praised
芥蓝,jiè lán,chinese kale
重现,chóng xiàn,reappear
剖腹,pōu fù,cut open the abdomen
角斗士,jiǎo dòu shì,gladiator
厮杀,sī shā,fight to the death
合伙人,hé huǒ rén,partner
数理化,shù lǐ huà,math physics and chemistry
无垠,wú yín,boundless
矩形,jǔ xíng,rectangle
负值,fù zhí,negative value
叼盘,diāo pán,hold a plate in the mouth
声称,shēng chēng,claim
资深,zī shēn,senior
迄今为止,qì jīn wéi zhǐ,so far
浑圆,hún yuán,round and full
流畅,liú chàng,smooth
唯美,wéi měi,aesthetic
兆头,zhào tóu,omen
颀长,qí cháng,tall and slender
瞥眼,piē yǎn,glance
柏拉图,bó lā tú,Plato
光洁度,guāng jié dù,surface finish
追逐,zhuī zhú,pursue
悟性,wù xìng,comprehension
神祇,shén qí,deity
道别,dào bié,bid farewell
疏漏,shū lòu,omission
相邻,xiāng lín,adjacent
审慎,shěn shèn,prudent
标本,biāo běn,specimen
液压,yè yā,hydraulic pressure
嶙峋,lín xún,jagged
秉性,bǐng xìng,disposition
消弭,xiāo mǐ,eliminate
历尽艰辛,lì jìn jiān xīn,endure many hardships
雏形,chú xíng,prototype
憔悴,qiáo cuì,haggard
祈求,qí qiú,beg
依恋,yī liàn,attachment
坎坷,kǎn kě,rough
后天下之乐而乐,hòu tiān xià zhī lè ér lè,take joy after the people
搭讪,dā shàn,strike up a conversation
勾勒,gōu lè,outline
狂妄,kuáng wàng,arrogant
无瑕,wú xiá,flawless
桁架,héng jià,truss
凄厉,qī lì,piercing
使者,shǐ zhě,messenger
疏散,shū sàn,evacuate
匀速,yún sù,uniform speed
锻炉,duàn lú,forge
锻石膏,duàn shí gāo,calcined gypsum
熠烁,yì shuò,sparkling
赵,Zhào,Zhao (surname)
谬误,miù wù,fallacy
击鼓传花,jī gǔ chuán huā,pass-the-parcel game
重磅炸弹,zhòng bàng zhà dàn,blockbuster
礁石,jiāo shí,reef
杀戮,shā lù,slaughter
屠杀,tú shā,massacre
遏止,è zhǐ,check / curb
牧羊人,mù yáng rén,shepherd
熔融,róng róng,molten
华盖,huá gài,canopy
沉淀,chén diàn,precipitate
旷野,kuàng yě,wilderness
覆没,fù mò,submerge
逃遁,táo dùn,flee
初始化,chū shǐ huà,initialize
抽泣,chōu qì,sob
迁移,qiān yí,migrate
力场,lì chǎng,force field
横亘,héng gèn,span across
苛刻,kē kè,harsh
默许,mò xǔ,tacitly permit
表态,biǎo tài,state one’s position
严明,yán míng,strict
意志,yì zhì,willpower
先天,xiān tiān,innate
实践,shí jiàn,practice
歉意,qiàn yì,apology
缜密,zhěn mì,meticulous
欠缺,qiàn quē,lack
往昔,wǎng xī,the past
关怀,guān huái,care
追诉时效,zhuī sù shí xiào,statute of limitations
滥竽充数,làn yú chōng shù,muddle through by deception
得意忘形,dé yì wàng xíng,be carried away by success
答非所问,dá fēi suǒ wèn,answer irrelevantly
急功近利,jí gōng jìn lì,seek quick success and instant benefit
适得其反,shì dé qí fǎn,backfire
门当户对,mén dāng hù duì,well-matched families
本性难移,běn xìng nán yí,one’s nature is hard to change
德高望重,dé gāo wàng zhòng,highly virtuous and respected
横生枝节,héng shēng zhī jié,unexpected complications arise
浩如烟海,hào rú yān hǎi,vast like a sea
专心致志,zhuān xīn zhì zhì,wholeheartedly devoted
兴致勃勃,xìng zhì bó bó,in high spirits
迫在眉睫,pò zài méi jié,imminent
筹划,chóu huà,plan
战勤,zhàn qín,combat logistics
阵地,zhèn dì,position
阴霾,yīn mái,gloom
乃至,nǎi zhì,and even
履行,lǚ xíng,fulfill
暗恋,àn liàn,secretly love
痛楚,tòng chǔ,pain
风筝,fēng zhēng,kite
回避,huí bì,avoid
拘禁,jū jìn,detain
袭击者,xí jī zhě,attacker
雾霭,wù ǎi,mist
肆意,sì yì,wantonly
彰显,zhāng xiǎn,manifest
拂晓,fú xiǎo,dawn
史诗,shǐ shī,epic
次声,cì shēng,infrasound
凝神,níng shén,concentrate
指数,zhǐ shù,index
对峙,duì zhì,confront
充裕,chōng yù,abundant
哺育,bǔ yù,nurture
陵墓,líng mù,mausoleum
长明灯,cháng míng dēng,eternal lamp
墓志铭,mù zhì míng,epitaph
谩骂,màn mà,abuse
亢奋,kàng fèn,overexcited
异曲同工之妙,yì qǔ tóng gōng zhī miào,different means same ends
乡愁,xiāng chóu,homesickness
芳容,fāng róng,pretty face
钞票,chāo piào,cash
自动扶梯,zì dòng fú tī,escalator
齐刷刷,qí shuā shuā,in unison
岔路,chà lù,fork in the road
袖珍,xiù zhēn,pocket-sized
标配,biāo pèi,standard configuration
下榻,xià tà,stay overnight
摸彩,mō cǎi,raffle
浇灌,jiāo guàn,irrigate
菜肴,cài yáo,dishes
炮制,pào zhì,concoct
垂青,chuí qīng,favor
一遭被蛇咬十年怕井绳,yī zāo bèi shé yǎo shí nián pà jǐng shéng,once bitten twice shy
贞操,zhēn cāo,chastity
牌坊,pái fāng,memorial archway
堪比,kān bǐ,compare favorably to
窥视,kuī shì,peep, spy
奥妙,ào miào,mystery
领略,lǐng lüè,appreciate
不尴不尬,bù gān bù gà,awkward
核准,hé zhǔn,approve
麾下,huī xià,under one’s command
竹笠,zhú lì,bamboo hat
戚戚,qī qī,sorrowful
大抵,dà dǐ,generally
观摩,guān mó,observe
饱受,bǎo shòu,suffer greatly
笃行,dǔ xíng,practice steadfastly
服从,fú cóng,obey
衣钵,yī bō,legacy
军阀,jūn fá,warlord
脸谱化,liǎn pǔ huà,stereotype
忠臣,zhōng chén,loyal minister
奸佞,jiān nì,treacher
娶妻,qǔ qī,take a wife
端正,duān zhèng,upright
起见,qǐ jiàn,for the sake of
离谱,lí pǔ,preposterous
烦躁,fán zào,irritable
嬉戏,xī xì,play
周折,zhōu zhé,setbacks
抽签,chōu qiān,draw lots
对立面,duì lì miàn,opposite side
扬言,yáng yán,threaten
裸体,luǒ tǐ,naked body
十诫,shí jiè,Ten Commandments
淫乱,yín luàn,debauchery
晨昏颠倒,chén hūn diān dǎo,day–night reversed
每每,měi měi,often
挥洒自如,huī sǎ zì rú,with ease
统治,tǒng zhì,rule
疾苦,jí kǔ,suffering
谙事,ān shì,worldly-wise
辗转,zhǎn zhuǎn,toss about
沼泽,zhǎo zé,swamp
翠玉,cuì yù,jade
榜首,bǎng shǒu,top of the list
雕琢,diāo zhuó,carve
瞧见,qiáo jiàn,see
盗墓贼,dào mù zéi,tomb robber
盗掘,dào jué,illegal excavation
充溢,chōng yì,overflow
翩跹,piān xiān,graceful dance
祛魅,qū mèi,disenchant
撰写,zhuàn xiě,write
可谓,kě wèi,can be said
橱窗,chú chuāng,display window
驻足,zhù zú,stop briefly
娓娓,wěi wěi,gently
潭水,tán shuǐ,deep pool
缆车,lǎn chē,cable car
俯瞰,fǔ kàn,overlook
冰激凌,bīng jī líng,ice cream
阻尼器,zǔ ní qì,damper
颇有微词,pō yǒu wéi cí,have reservations
瞻仰,zhān yǎng,pay respects
无稽,wú jī,groundless
接踵而来,jiē zhǒng ér lái,follow one after another
排山倒海,pái shān dǎo hǎi,overwhelming force
别出心裁,bié chū xīn cái,original
孤陋寡闻,gū lòu guǎ wén,ignorant
非你莫属,fēi nǐ mò shǔ,no one but you
循规蹈矩,xún guī dǎo jǔ,follow the rules
不堪入耳,bù kān rù ěr,unbearable to hear
兔死狐悲,tù sǐ hú bēi,false sympathy
民生凋敝,mín shēng diāo bì,people’s livelihood ruined
大动干戈,dà dòng gān gē,resort to force
穷兵黩武,qióng bīng dú wǔ,warlike aggression
兵连祸结,bīng lián huò jié,endless warfare
悲天悯人,bēi tiān mǐn rén,compassionate
异想天开,yì xiǎng tiān kāi,wild fantasy
枕戈待旦,zhěn gē dài dàn,on constant alert
千古罪人,qiān gǔ zuì rén,eternal sinner
放荡不羁,fàng dàng bù jī,uninhibited
凉了半截,liáng le bàn jié,half discouraged
气势磅礴,qì shì páng bó,grand momentum
不落窠臼,bù luò kē jiù,break new ground
一览无余,yī lǎn wú yú,see it all at once
举足轻重,jǔ zú qīng zhòng,of great importance
悲欢离合,bēi huān lí hé,joys and sorrows
呼之欲出,hū zhī yù chū,vividly emerge
叹为观止,tàn wéi guān zhǐ,marvel at
刨根问底,páo gēn wèn dǐ,get to the bottom
一目了然,yī mù liǎo rán,clear at a glance
脍炙人口,kuài zhì rén kǒu,widely praised
生动活泼,shēng dòng huó pō,vivid and lively
薪火相传,xīn huǒ xiāng chuán,pass on the torch
行驰, xíng chí, to drive fast
蓄意, xù yì, deliberate
悔恨, huǐ hèn, regret
绞痛, jiǎo tòng, sharp pain
开小差, kāi xiǎo chāi, to be absent-minded
情何以堪, qíng hé yǐ kān, how can one bear it
目力所及, mù lì suǒ jí, as far as the eye can see
经纬度, jīng wěi dù, longitude and latitude
漠然, mò rán, indifferent
零落, líng luò, scattered
砾石, lì shí, gravel
掰开, bāi kāi, to break apart
茂盛, mào shèng, lush
劫难, jié nàn, disaster
雨刮, yǔ guā, windshield wiper
土壤, tǔ rǎng, soil
装逼, zhuāng bī, to show off
联络, lián luò, to contact
勋章, xūn zhāng, medal
追溯, zhuī sù, to trace back
呵斥, hē chì, to scold
羞耻, xiū chǐ, shame
情侣, qíng lǚ, couple
明摆着, míng bǎi zhe, obvious
还原, huán yuán, to restore
指数律, zhǐ shù lǜ, exponential law
死局, sǐ jú, deadlock
硅片, guī piàn, silicon wafer
字眼, zì yǎn, wording
物种, wù zhǒng, species
俭朴, jiǎn pǔ, frugal
盼望, pàn wàng, to hope for
松懈, sōng xiè, to slacken
缭乱, liáo luàn, chaotic
起哄, qǐ hòng, to jeer
蜷缩, quán suō, to curl up
压垮, yā kuǎ, to crush
贮藏, zhù cáng, to store
目送, mù sòng, to watch someone leave
饶恕, ráo shù, to forgive
遗址, yí zhǐ, ruins
生卒年月, shēng zú nián yuè, birth and death dates
穴道, xué dào, acupuncture point
囊括, náng kuò, to include all
伏天, fú tiān, dog days of summer
水洼, shuǐ wā, puddle
筹码, chóu mǎ, bargaining chip
丰茂, fēng mào, abundant
无缘无故, wú yuán wú gù, without rhyme or reason
泾渭分明, jīng wèi fēn míng, clear distinction
涸泽而渔, hé zé ér yú, drain the pond to catch fish
目瞪口呆, mù dèng kǒu dāi, dumbfounded
相互依存, xiāng hù yī cún, interdependent
坚不可摧, jiān bù kě cuī, indestructible
步履蹒跚, bù lǚ pán shān, to walk unsteadily
借酒浇愁, jiè jiǔ jiāo chóu, drown one's sorrows
蓬头垢面, péng tóu gòu miàn, disheveled and dirty
废寝忘食, fèi qǐn wàng shí, so absorbed as to forget to eat
纵横交错, zòng héng jiāo cuò, crisscross
冷飕飕,lěng sōu sōu,chilly
画饼,huà bǐng,draw a cake (empty promise)
甜瓜,tián guā,melon
保留地,bǎo liú dì,reservation
圣旨,shèng zhǐ,imperial decree
刺史,cì shǐ,prefect
磨练,mó liàn,tempered
屡屡,lǚ lǚ,repeatedly
畜生,chù shēng,beast
冤仇,yuān chóu,grudge
宿仇,sù chóu,old enmity
冒功,mào gōng,claim undue credit
朝廷,cháo tíng,imperial court
虐杀,nüè shā,brutal killing
土匪,tǔ fěi,bandit
交差,jiāo chāi,report completion
蹊跷,qī qiāo,suspicious
伸冤,shēn yuān,seek justice
密探,mì tàn,spy
劫杀,jié shā,rob and kill
殉难着,xùn nàn zhě,martyr
羁押,jī yā,detain
机械工,jī xiè gōng,mechanic
白内障,bái nèi zhàng,cataract
益生菌,yì shēng jūn,probiotics
刺身,cì shēn,sashimi
吭哧,kēng chī,grunt
手肘,shǒu zhǒu,elbow
牧首,mù shǒu,patriarch
东正教,dōng zhèng jiào,Eastern Orthodox Church
机缘,jī yuán,opportunity
未知数,wèi zhī shù,unknown variable
间谍,jiàn dié,spy
诊所,zhěn suǒ,clinic
引导,yǐn dǎo,guide, facilitate
事例,shì lì,sources/evidence
避孕药,bì yùn yào,contraceptive pill
钩针,gōu zhēn,crochet
祖先,zǔ xiān,ancestor
选修,xuǎn xiū,elective
遗产,yí chǎn,heritage
组合,zǔ hé,combination
助理,zhù lǐ,assistant
打烊,dǎ yàng,close shop
地中海,dì zhōng hǎi,Mediterranean Sea
诧异,chà yì,surprised
人生地不熟,rén shēng dì bù shú,unfamiliar with a place
巴结,bā jie,curry favor
职责,zhí zé,duty
领教,lǐng jiào,learn from
执着,zhí zhuó,persistent
生性,shēng xìng,nature
好辩,hào biàn,argumentative
按捺不住,àn nà bù zhù,cannot restrain oneself
解剖学,jiě pōu xué,anatomy
古生物学,gǔ shēng wù xué,paleontology
车辙,chē zhé,rut
支配,zhī pèi,dominate
沉积岩,chén jī yán,sedimentary rock
赝品,yàn pǐn,fake
世人,shì rén,people of the world
事实胜于雄辩,shì shí shèng yú xióng biàn,facts speak louder than words
迥异,jiǒng yì,completely different
说教,shuō jiào,preach
从属,cóng shǔ,subordinate
启示,qǐ shì,enlightenment
魂灵,hún líng,soul
单相思,dān xiāng sī,unrequited love
臆想,yì xiǎng,fantasize
懂得,dǒng de,understand
滑稽戏,huá jī xì,farce
即便,jí biàn,even if
寓言,yù yán,fable
信服,xìn fú,be convinced
诫命,jiè mìng,commandment
戒律,jiè lǜ,discipline
罢了,bà le,that's all
谎称,huǎng chēng,falsely claim
门派,mén pài,sect
固守,gù shǒu,stick to
透彻,tòu chè,thorough
雇佣,gù yōng,employ
榨取,zhà qǔ,squeeze out
排他性,pái tā xìng,exclusivity
笃信,dǔ xìn,firmly believe
惭愧,cán kuì,ashamed
盘算,pán suan,plan
主持,zhǔ chí,host
朴实,pǔ shí,simple and honest
坦荡,tǎn dàng,openhearted
裨益,bì yì,benefit
志趣,zhì qù,interests
风平浪静,fēng píng làng jìng,calm and peaceful
门槛很高,mén kǎn hěn gāo,high barrier to entry
雪上加霜,xuě shàng jiā shuāng,make a bad situation worse
滥杀无辜,làn shā wú gū,massacre innocents
无可奈何,wú kě nài hé,have no choice
心有灵犀,xīn yǒu líng xī,hearts connected intuitively
岂有此理,qǐ yǒu cǐ lǐ,preposterous
自圆其说,zì yuán qí shuō,make one's story consistent
三天两头,sān tiān liǎng tóu,very frequently
冥顽不灵,míng wán bù líng,stubbornly ignorant
孜孜不倦,zī zī bù juàn,diligent and tireless
斤斤计较,jīn jīn jì jiào,quibble over every detail
偃旗息鼓,yǎn qí xī gǔ,cease activities
甘拜下风,gān bài xià fēng,admit defeat willingly
夜不成寐,yè bù chéng mèi,unable to sleep at night
一厢情愿,yī xiāng qíng yuàn,one-sided wishful thinking
谨小慎微,jǐn xiǎo shèn wēi,overly cautious
处心积虑,chǔ xīn jī lǜ,scheme deliberately
有板有眼,yǒu bǎn yǒu yǎn,well-organized
独树一帜,dú shù yī zhì,stand out with a unique style
坐收渔利,zuò shōu yú lì,reap profits from others' conflict
风餐露宿,fēng cān lù sù,brave wind and sleep outdoors
心甘情愿,xīn gān qíng yuàn,willingly
万应灵药,wàn yìng líng yào,panacea
不明觉厉,bù míng jué lì,not understanding but finding it impressive
流水线,liú shuǐ xiàn,assembly line
更年期,gēng nián qī,menopause
丑闻,chǒu wén,scandal
言论,yán lùn,speech
打官司,dǎ guān si,file a lawsuit
侵害,qīn hài,infringe upon
意料,yì liào,expectation
孤僻,gū pì,unsociable
其次,qí cì,secondly
性教育,xìng jiào yù,sex education
性侵犯,xìng qīn fàn,sexual assault
防备,fáng bèi,guard against
少年犯,shào nián fàn,juvenile offender
偶数,ǒu shù,even number
基数,jī shù,base number
地基,dì jī,foundation
宰相,zǎi xiàng,chancellor
奸雄,jiān xióng,cunning hero
褒贬,bāo biǎn,praise and criticism
捋,lǚ,stroke
前夕,qián xī,eve
派头,pài tóu,style
气派,qì pài,impressive manner
声望,shēng wàng,prestige
贯通,guàn tōng,link up
地盘,dì pán,territory
琢磨,zhuó mo,consider carefully
侃侃,kǎn kǎn,speaking confidently
钻漏洞,zuān lòu dòng,exploit loopholes
蓄水,xù shuǐ,store water
交接,jiāo jiē,hand over
行使,xíng shǐ,exercise
遗失,yí shī,lose
纸质,zhǐ zhì,paper-based
佣金,yòng jīn,commission
遣散费,qiǎn sàn fèi,severance pay
索赔,suǒ péi,claim compensation
归类,guī lèi,classify
承包商,chéng bāo shāng,contractor
扣除,kòu chú,deduct
罢工,bà gōng,strike
援助,yuán zhù,assistance
哀悼,āi dào,mourn
执照,zhí zhào,license
管辖,guǎn xiá,have jurisdiction over
工会,gōng huì,labor union
就业,jiù yè,employment
交响,jiāo xiǎng,symphony
搜噶,sōu gā,I see (Japanese slang)
收复,shōu fù,recapture
嘉奖,jiā jiǎng,commend
憋屈,biē qu,feel wronged
淮山,huái shān,Chinese yam
袄子,ǎo zi,padded jacket
拤,kǎ,clamp; pinch
腮帮,sāi bāng,cheek
木偶,mù ǒu,puppet
眼巴巴,yǎn bā bā,longingly
络腮胡子,luò sāi hú zi,full beard
男人与马,nán rén yǔ mǎ,man and horse
瞅见,chǒu jiàn,catch sight of
一齐,yī qí,together
石匠,shí jiàng,stonemason
滞洪,zhì hóng,flood retention
闸门,zhá mén,sluice gate
潇洒,xiāo sǎ,unrestrained; dashing
绺,liǔ,lock (of hair)
口吃,kǒu chī,stutter
裤头,kù tóu,underwear; shorts
污渍,wū zì,stain
胸脯,xiōng pú,chest
打摆子,dǎ bǎi zi,have malaria; shiver violently
糊弄,hù nong,fool; muddle through
蹑脚,niè jiǎo,tiptoe
跷家,qiāo jiā,run away from home
扎煞,zhā sha,spread out; bristle
叭唧,bā jī,slap sound
河堤,hé dī,river embankment
怔忡症,zhēng chōng zhèng,palpitations disorder
拨拉,bō la,push aside
嘬,zuō,suck
婉转,wǎn zhuǎn,tactful; melodious
云霄,yún xiāo,the skies
栽培,zāi péi,cultivate
寇,kòu,bandit; invader
淤积,yū jī,silt up
板结,bǎn jié,harden (soil)
肥沃,féi wò,fertile
孟加拉国,Mèng jiā lā Guó,Bangladesh
茂密,mào mì,lush; dense
缭绕,liáo rào,curl around
梢头,shāo tóu,tip of a branch
阵营,zhèn yíng,camp; faction
对垒,duì lěi,confront
笊篱,zhào lí,skimmer
推搡,tuī sǎng,shove
瓤儿,rángr,flesh; pulp
铝箔,lǚ bó,aluminum foil
饲养,sì yǎng,raise (animals)
颂扬,sòng yáng,praise highly
用途,yòng tú,use; purpose
固有,gù yǒu,inherent
锐气,ruì qì,vigor; sharp spirit
翠鸟,cuì niǎo,kingfisher
躜,zuān,squeeze through
命脉,mìng mài,lifeline
疤瘌,bā la,scar
媳妇,xí fu,wife; daughter-in-law
暄乎,xuān hu,warm
蚂蚱,mà zha,locust
茎干,jīng gàn,stem
后娘,hòu niáng,stepmother
苕帚,tiáo zhǒu,broom
扁担,biǎn dan,carrying pole
肋条,lèi tiáo,rib
柳树,liǔ shù,willow tree
梗儿,gěngr,story; joke
棱镜,léng jìng,prism
扒开,bā kāi,pull apart
肚脐眼,dù qí yǎn,navel
海蜇,hǎi zhé,jellyfish
蹚水,tāng shuǐ,wade through water
